epoch, loss, acc, sen, spec, F1
1,0.7757233738899231,0.49375,0.46586345381526106,0.5238095238095238,0.4884210526315789
2,0.71749853293101,0.5416666666666666,0.5338645418326693,0.5502183406113537,0.5491803278688525
3,0.7245804607868195,0.5458333333333333,0.5261044176706827,0.5670995670995671,0.5458333333333333
4,0.7024165511131286,0.625,0.612,0.6391304347826087,0.6296296296296297
5,0.6951459169387817,0.5916666666666667,0.5943775100401606,0.5887445887445888,0.6016260162601627
6,0.6974524269501369,0.5833333333333334,0.584,0.5826086956521739,0.5934959349593496
7,0.6812360872824986,0.6,0.58,0.6217391304347826,0.6016597510373444
8,0.6533186376094818,0.65,0.642570281124498,0.658008658008658,0.6557377049180327
9,0.6702324628829956,0.60625,0.5846774193548387,0.6293103448275862,0.605427974947808
10,0.6687266369660695,0.6395833333333333,0.6224899598393574,0.658008658008658,0.6418219461697723
11,0.6659538586934407,0.60625,0.5983935742971888,0.6147186147186147,0.6119096509240246
12,0.6981036563714346,0.5979166666666667,0.5863453815261044,0.6103896103896104,0.6020618556701031
13,0.6647675236066183,0.6333333333333333,0.642570281124498,0.6233766233766234,0.6451612903225806
14,0.6545536001523335,0.61875,0.5903614457831325,0.6493506493506493,0.6163522012578616
15,0.6400761038064957,0.61875,0.6345381526104418,0.6017316017316018,0.6332665330661322
16,0.6726039737462998,0.6458333333333334,0.616,0.6782608695652174,0.6443514644351465
17,0.6273922433455785,0.6395833333333333,0.648,0.6304347826086957,0.6519114688128773
18,0.6437236746152242,0.625,0.6385542168674698,0.6103896103896104,0.6385542168674698
19,0.6397023965915044,0.65625,0.6265060240963856,0.6883116883116883,0.6540880503144654
20,0.6605401247739792,0.6333333333333333,0.6506024096385542,0.6147186147186147,0.648
21,0.6349002361297608,0.675,0.642570281124498,0.70995670995671,0.6722689075630253
22,0.6191559851169586,0.6583333333333333,0.6653386454183267,0.6506550218340611,0.6706827309236948
23,0.6549182991186778,0.6416666666666667,0.66,0.6217391304347826,0.6573705179282868
24,0.6331453353166581,0.6541666666666667,0.6454183266932271,0.6637554585152838,0.6612244897959184
25,0.6357310861349106,0.6395833333333333,0.6224899598393574,0.658008658008658,0.6418219461697723
26,0.6160263478755951,0.6875,0.6706827309236948,0.7056277056277056,0.6900826446280992
27,0.6371354381243388,0.66875,0.668,0.6695652173913044,0.6774847870182555
28,0.6655571897824605,0.6229166666666667,0.6330645161290323,0.6120689655172413,0.6343434343434343
29,0.6214594433705012,0.6791666666666667,0.6506024096385542,0.70995670995671,0.6778242677824268
30,0.623918370405833,0.6416666666666667,0.6334661354581673,0.6506550218340611,0.6489795918367347
31,0.6043390413125356,0.6479166666666667,0.6546184738955824,0.6406926406926406,0.6585858585858586
32,0.6045610984166463,0.6645833333333333,0.692,0.6347826086956522,0.6824457593688363
33,0.599287161231041,0.6520833333333333,0.652,0.6521739130434783,0.6612576064908722
34,0.6065918326377868,0.6645833333333333,0.6706827309236948,0.658008658008658,0.6747474747474748
35,0.619101932644844,0.6770833333333334,0.672,0.6826086956521739,0.6843177189409368
36,0.6244905422131221,0.6604166666666667,0.6626506024096386,0.658008658008658,0.6693711967545639
37,0.6004326562086741,0.675,0.68,0.6695652173913044,0.6854838709677419
38,0.6060202111800511,0.6520833333333333,0.642570281124498,0.6623376623376623,0.6570841889117043
39,0.5844155520200729,0.6833333333333333,0.7028112449799196,0.6623376623376623,0.6972111553784861
40,0.5802482922871908,0.7208333333333333,0.712,0.7304347826086957,0.726530612244898
41,0.6045696496963501,0.675,0.6653225806451613,0.6853448275862069,0.6790123456790124
42,0.5742062250773112,0.7125,0.7051792828685259,0.7205240174672489,0.7195121951219512
43,0.593495508035024,0.6916666666666667,0.6666666666666666,0.7186147186147186,0.6916666666666667
44,0.5763088842233022,0.6958333333333333,0.701195219123506,0.6899563318777293,0.7068273092369478
45,0.5917544444402059,0.6625,0.6532258064516129,0.6724137931034483,0.6666666666666666
46,0.591923396786054,0.6604166666666667,0.676,0.6434782608695652,0.6746506986027944
47,0.5817970206340154,0.69375,0.6947791164658634,0.6926406926406926,0.7018255578093306
48,0.6050092091163,0.6979166666666666,0.704,0.691304347826087,0.7082494969818913
49,0.5811426202456157,0.6791666666666667,0.6626506024096386,0.696969696969697,0.6818181818181818
50,0.5565577775239945,0.6958333333333333,0.724,0.6652173913043479,0.7125984251968503
51,0.5814136286576589,0.6979166666666666,0.6972111553784861,0.6986899563318777,0.7070707070707071
52,0.597493048508962,0.6833333333333333,0.6947791164658634,0.670995670995671,0.6947791164658634
53,0.5604166150093078,0.7,0.7217741935483871,0.6767241379310345,0.7131474103585658
54,0.5718637466430664,0.7208333333333333,0.7258064516129032,0.7155172413793104,0.728744939271255
55,0.5872288892666498,0.6958333333333333,0.692,0.7,0.7032520325203252
56,0.5571760803461074,0.7104166666666667,0.708,0.7130434782608696,0.718052738336714
57,0.5276274810234706,0.7375,0.7370517928286853,0.7379912663755459,0.7459677419354839
58,0.5624208112557729,0.71875,0.712,0.7260869565217392,0.725050916496945
59,0.5407091766595841,0.7395833333333334,0.7349397590361446,0.7445887445887446,0.745417515274949
60,0.5656024585167567,0.7333333333333333,0.75,0.7155172413793104,0.744
61,0.537114617228508,0.7083333333333334,0.7290836653386454,0.6855895196506551,0.7233201581027668
62,0.5798774113257726,0.6895833333333333,0.696,0.6826086956521739,0.7002012072434608
63,0.5837487032016119,0.7,0.6935483870967742,0.7068965517241379,0.7049180327868853
64,0.5465249081452688,0.725,0.7258064516129032,0.7241379310344828,0.7317073170731707
65,0.5682591199874878,0.7,0.7068273092369478,0.6926406926406926,0.7096774193548387
66,0.5726146380106608,0.7,0.704,0.6956521739130435,0.7096774193548387
67,0.5516420871019363,0.7375,0.7630522088353414,0.70995670995671,0.7509881422924901
68,0.5636254787445069,0.7291666666666666,0.7429718875502008,0.7142857142857143,0.74
69,0.5488095442454021,0.7145833333333333,0.7137096774193549,0.7155172413793104,0.7209775967413442
70,0.5387205084164938,0.74375,0.76,0.7260869565217392,0.7554671968190855
71,0.5660202980041504,0.7166666666666667,0.704,0.7304347826086957,0.7213114754098361
72,0.5853115121523539,0.71875,0.751004016064257,0.683982683982684,0.7347740667976425
73,0.5465507050355275,0.7416666666666667,0.7370517928286853,0.7467248908296943,0.7489878542510121
74,0.5488235195477803,0.7354166666666667,0.7269076305220884,0.7445887445887446,0.7402862985685071
75,0.5683508803447087,0.7041666666666667,0.7028112449799196,0.7056277056277056,0.7113821138211383
76,0.5032896210749944,0.7520833333333333,0.7649402390438247,0.7379912663755459,0.7634194831013916
77,0.5331770211458207,0.7416666666666667,0.7349397590361446,0.7489177489177489,0.746938775510204
78,0.5630061457554499,0.70625,0.712,0.7,0.716297786720322
79,0.5414477934439977,0.7208333333333333,0.74,0.7,0.7341269841269841
80,0.5375294158856074,0.7104166666666667,0.714859437751004,0.7056277056277056,0.7191919191919192
81,0.5444769849379857,0.6895833333333333,0.6987951807228916,0.6796536796536796,0.7002012072434608
82,0.5115309844414393,0.7479166666666667,0.7741935483870968,0.7198275862068966,0.7603960396039604
83,0.518975227077802,0.7229166666666667,0.7349397590361446,0.70995670995671,0.7334669338677354
84,0.5260549634695053,0.7416666666666667,0.76,0.7217391304347827,0.753968253968254
85,0.5318112204472224,0.7354166666666667,0.7469879518072289,0.7229437229437229,0.7454909819639278
86,0.5395773341258366,0.7333333333333333,0.7590361445783133,0.7056277056277056,0.7470355731225297
87,0.5470096031824748,0.70625,0.6907630522088354,0.7229437229437229,0.709278350515464
88,0.5145738224188486,0.7583333333333333,0.78,0.7347826086956522,0.7707509881422925
89,0.5263038247823715,0.73125,0.724,0.7391304347826086,0.7372708757637475
90,0.5000487526257833,0.74375,0.76,0.7260869565217392,0.7554671968190855
91,0.5504313101371129,0.7125,0.7228915662650602,0.7012987012987013,0.7228915662650602
92,0.5329932595292727,0.7395833333333334,0.744,0.7347826086956522,0.7484909456740443
93,0.5076237340768178,0.7458333333333333,0.7389558232931727,0.7532467532467533,0.7510204081632653
94,0.5125772505998611,0.7479166666666667,0.7550200803212851,0.7402597402597403,0.7565392354124748
95,0.4996099611123403,0.7645833333333333,0.7791164658634538,0.7489177489177489,0.7744510978043913
96,0.4929923593997955,0.7708333333333334,0.8,0.7391304347826086,0.7843137254901961
97,0.48583393593629204,0.7729166666666667,0.7670682730923695,0.7792207792207793,0.7780040733197556
98,0.5389037440220515,0.74375,0.7469879518072289,0.7402597402597403,0.7515151515151515
99,0.502174578110377,0.75,0.748,0.7521739130434782,0.757085020242915
100,0.5189600413044294,0.7645833333333333,0.7689243027888446,0.759825327510917,0.7735470941883767
101,0.5301432261864344,0.7333333333333333,0.748,0.717391304347826,0.7450199203187251
102,0.465524830420812,0.7875,0.7831325301204819,0.7922077922077922,0.7926829268292683
103,0.5364220470190049,0.7291666666666666,0.7370517928286853,0.7205240174672489,0.74
104,0.5026520614822706,0.7375,0.764,0.7086956521739131,0.7519685039370079
105,0.5105534185965855,0.7395833333333334,0.748,0.7304347826086957,0.749498997995992
106,0.5056870927413305,0.7333333333333333,0.7096774193548387,0.7586206896551724,0.7333333333333333
107,0.4746311530470848,0.775,0.7751004016064257,0.7748917748917749,0.7813765182186235
108,0.533486008644104,0.74375,0.7410358565737052,0.7467248908296943,0.7515151515151515
109,0.4998313546180725,0.75625,0.751004016064257,0.7619047619047619,0.7617107942973523
110,0.4857536847392718,0.775,0.7831325301204819,0.7662337662337663,0.7831325301204819
111,0.5032501300175984,0.7583333333333333,0.7791164658634538,0.7359307359307359,0.7698412698412699
112,0.5010981291532517,0.7541666666666667,0.748,0.7608695652173914,0.7601626016260162
113,0.4964939743280411,0.7604166666666666,0.768,0.7521739130434782,0.7695390781563126
114,0.5019836326440176,0.75,0.7419354838709677,0.7586206896551724,0.7540983606557377
115,0.49232081572214764,0.7666666666666667,0.784,0.7478260869565218,0.7777777777777778
116,0.5106952250003814,0.75625,0.74,0.7739130434782608,0.7597535934291582
117,0.46842455565929414,0.7916666666666666,0.7983870967741935,0.7844827586206896,0.7983870967741935
118,0.4597259740034739,0.7958333333333333,0.7928286852589641,0.7991266375545851,0.8024193548387096
119,0.4829821467399597,0.7625,0.7831325301204819,0.7402597402597403,0.7738095238095238
120,0.5190432687600454,0.7458333333333333,0.7831325301204819,0.7056277056277056,0.76171875
121,0.5175955603520076,0.725,0.717741935483871,0.7327586206896551,0.7295081967213115
122,0.4890560328960419,0.7604166666666666,0.7991967871485943,0.7186147186147186,0.7758284600389863
123,0.43535967767238615,0.80625,0.8032128514056225,0.8095238095238095,0.8113590263691683
124,0.47601112971703213,0.7833333333333333,0.776,0.7913043478260869,0.7886178861788617
125,0.4864359150330226,0.76875,0.7630522088353414,0.7748917748917749,0.7739307535641547
126,0.4697070250908534,0.7833333333333333,0.8,0.7652173913043478,0.7936507936507936
127,0.47255981465180713,0.7791666666666667,0.7710843373493976,0.7878787878787878,0.7836734693877551
128,0.4798443724711736,0.7604166666666666,0.764,0.7565217391304347,0.7686116700201208
129,0.4600025812784831,0.7833333333333333,0.792,0.7739130434782608,0.792
130,0.47299277484416963,0.75,0.751004016064257,0.7489177489177489,0.757085020242915
131,0.4622031718492508,0.78125,0.7991967871485943,0.7619047619047619,0.7912524850894632
132,0.47576891084512074,0.7625,0.776,0.7478260869565218,0.7729083665338645
133,0.47696217000484464,0.775,0.784,0.7652173913043478,0.784
134,0.5149892608324687,0.73125,0.756,0.7043478260869566,0.7455621301775148
135,0.46994457095861436,0.7791666666666667,0.7831325301204819,0.7748917748917749,0.7862903225806451
136,0.48040384451548257,0.76875,0.7791164658634538,0.7575757575757576,0.7775551102204409
137,0.49919420182704927,0.7541666666666667,0.7590361445783133,0.7489177489177489,0.7620967741935484
138,0.4640659804145495,0.7854166666666667,0.8024193548387096,0.7672413793103449,0.7944111776447106
139,0.45978221197923025,0.7708333333333334,0.76,0.782608695652174,0.7755102040816326
140,0.47944265604019165,0.7604166666666666,0.7670682730923695,0.7532467532467533,0.7686116700201208
141,0.4957093417644501,0.7666666666666667,0.7903225806451613,0.7413793103448276,0.7777777777777778
142,0.47518405119578044,0.7770833333333333,0.7791164658634538,0.7748917748917749,0.7838383838383839
143,0.4884474704662959,0.7791666666666667,0.7951807228915663,0.7619047619047619,0.7888446215139442
144,0.46741122702757515,0.7854166666666667,0.7871485943775101,0.7835497835497836,0.7919191919191919
145,0.47290435433387756,0.75625,0.764,0.7478260869565218,0.7655310621242485
146,0.46934529542922976,0.79375,0.8064516129032258,0.7801724137931034,0.8016032064128257
147,0.45463634183009466,0.8,0.8087649402390438,0.7903930131004366,0.8087649402390438
148,0.470415132244428,0.7895833333333333,0.808,0.7695652173913043,0.8
149,0.4579819897810618,0.7979166666666667,0.7943548387096774,0.8017241379310345,0.8024439918533605
150,0.4600141296784083,0.7833333333333333,0.8,0.7652173913043478,0.7936507936507936
151,0.4463942587375641,0.7854166666666667,0.8152610441767069,0.7532467532467533,0.7976424361493124
152,0.4763887748122215,0.7770833333333333,0.7670682730923695,0.7878787878787878,0.7811860940695297
153,0.4313954214255015,0.79375,0.8064516129032258,0.7801724137931034,0.8016032064128257
154,0.48582460582256315,0.74375,0.7419354838709677,0.7456896551724138,0.7494908350305499
155,0.43394658913215,0.8145833333333333,0.816,0.8130434782608695,0.8209255533199196
156,0.4537679741779963,0.7854166666666667,0.7862903225806451,0.7844827586206896,0.7910750507099391
157,0.466989000638326,0.7729166666666667,0.772,0.7739130434782608,0.7797979797979798
158,0.4579606791337331,0.7854166666666667,0.788,0.782608695652174,0.7927565392354124
159,0.4598208059867223,0.7770833333333333,0.7862903225806451,0.7672413793103449,0.7847082494969819
160,0.4819171557823817,0.7708333333333334,0.7911646586345381,0.7489177489177489,0.7817460317460317
161,0.4420002435644468,0.7979166666666667,0.788,0.808695652173913,0.8024439918533605
162,0.4284098515907923,0.7916666666666666,0.7831325301204819,0.8008658008658008,0.7959183673469388
163,0.4861474434534709,0.75,0.7569721115537849,0.74235807860262,0.76
164,0.44038977722326916,0.7875,0.7951807228915663,0.7792207792207793,0.7951807228915663
165,0.4436232770482699,0.79375,0.808,0.7782608695652173,0.8031809145129225
166,0.4246896435817083,0.8145833333333333,0.84,0.7869565217391304,0.825147347740668
167,0.4358381673693657,0.7895833333333333,0.804,0.7739130434782608,0.7992047713717694
168,0.4507529218991598,0.7916666666666666,0.8032128514056225,0.7792207792207793,0.8
169,0.43254568924506503,0.8083333333333333,0.82,0.7956521739130434,0.8167330677290837
170,0.4508388966321945,0.7666666666666667,0.7630522088353414,0.7705627705627706,0.7723577235772358
171,0.46537175675233206,0.7854166666666667,0.792,0.7782608695652173,0.7935871743486974
172,0.4352131942907969,0.7895833333333333,0.8032128514056225,0.7748917748917749,0.7984031936127745
173,0.4499877472718557,0.7875,0.804,0.7695652173913043,0.7976190476190477
174,0.4294583519299825,0.7979166666666667,0.808,0.7869565217391304,0.8063872255489022
175,0.4590763474504153,0.8,0.8072289156626506,0.7922077922077922,0.8072289156626506
176,0.4422487646341324,0.7916666666666666,0.8192771084337349,0.7619047619047619,0.8031496062992126
177,0.4597581664721171,0.7791666666666667,0.7951807228915663,0.7619047619047619,0.7888446215139442
178,0.4491980711619059,0.7770833333333333,0.792,0.7608695652173914,0.7872763419483101
179,0.44983531584342323,0.8020833333333334,0.8104838709677419,0.7931034482758621,0.8088531187122736
180,0.4449145699540774,0.7895833333333333,0.8104838709677419,0.7672413793103449,0.7992047713717694
181,0.44921000897884367,0.8020833333333334,0.8473895582329317,0.7532467532467533,0.816247582205029
182,0.4208022808035215,0.80625,0.8112449799196787,0.8008658008658008,0.8128772635814889
183,0.45174214790264766,0.7729166666666667,0.784,0.7608695652173914,0.782435129740519
184,0.4413766781489054,0.7854166666666667,0.7888446215139442,0.7816593886462883,0.7935871743486974
185,0.4260511229435603,0.8020833333333334,0.828,0.7739130434782608,0.8133595284872298
186,0.4743563135464986,0.7708333333333334,0.78,0.7608695652173914,0.78
187,0.4318873301148415,0.7854166666666667,0.7951807228915663,0.7748917748917749,0.7935871743486974
188,0.4678518841663996,0.775,0.804,0.7434782608695653,0.788235294117647
189,0.4412447820107142,0.7916666666666666,0.8145161290322581,0.7672413793103449,0.8015873015873016
190,0.40499121050039927,0.81875,0.8353413654618473,0.8008658008658008,0.827037773359841
191,0.4138193249702454,0.8166666666666667,0.8353413654618473,0.7965367965367965,0.8253968253968254
192,0.43175760805606844,0.8083333333333333,0.82,0.7956521739130434,0.8167330677290837
193,0.4330182095368703,0.7979166666666667,0.824,0.7695652173913043,0.8094302554027505
194,0.44553389847278596,0.7916666666666666,0.808,0.7739130434782608,0.8015873015873016
195,0.43593349754810334,0.79375,0.8032128514056225,0.7835497835497836,0.8016032064128257
196,0.42025070438782375,0.8,0.7888446215139442,0.8122270742358079,0.8048780487804879
197,0.4279767791430155,0.8041666666666667,0.8353413654618473,0.7705627705627706,0.8156862745098039
198,0.4230535929401716,0.8041666666666667,0.8313253012048193,0.7748917748917749,0.8149606299212598
199,0.4115847001473109,0.8208333333333333,0.828,0.8130434782608695,0.828
200,0.4517639676729838,0.7958333333333333,0.8072289156626506,0.7835497835497836,0.804
201,0.44175406694412234,0.7791666666666667,0.7951807228915663,0.7619047619047619,0.7888446215139442
202,0.42998888393243156,0.7895833333333333,0.8112449799196787,0.7662337662337663,0.8
203,0.47126619120438895,0.7854166666666667,0.7991967871485943,0.7705627705627706,0.7944111776447106
204,0.46768255134423575,0.7604166666666666,0.7540322580645161,0.7672413793103449,0.7648261758691206
205,0.42422088980674744,0.8041666666666667,0.836,0.7695652173913043,0.81640625
206,0.4431724280118942,0.8020833333333334,0.7831325301204819,0.8225108225108225,0.8041237113402062
207,0.44337046692768733,0.7958333333333333,0.812,0.7782608695652173,0.8055555555555556
208,0.4377315868933996,0.8041666666666667,0.816,0.7913043478260869,0.8127490039840638
209,0.44822557965914406,0.7916666666666666,0.776,0.808695652173913,0.7950819672131147
210,0.41020420640707017,0.8145833333333333,0.832,0.7956521739130434,0.8237623762376237
211,0.45472710132598876,0.7791666666666667,0.8032128514056225,0.7532467532467533,0.7905138339920948
212,0.4257740711172422,0.7916666666666666,0.8064516129032258,0.7758620689655172,0.8
213,0.4403245493769646,0.8,0.8,0.8,0.8064516129032258
214,0.4053323705991109,0.8291666666666667,0.8406374501992032,0.8165938864628821,0.8373015873015873
215,0.3874067455530167,0.8041666666666667,0.82,0.7869565217391304,0.8134920634920635
216,0.4338745181759199,0.8229166666666666,0.84,0.8043478260869565,0.8316831683168316
217,0.4139534175395966,0.8041666666666667,0.8192771084337349,0.7878787878787878,0.8127490039840638
218,0.38771017591158546,0.8458333333333333,0.848,0.8434782608695652,0.8514056224899599
219,0.432290181517601,0.7979166666666667,0.812,0.782608695652174,0.8071570576540755
220,0.42720105151335397,0.7916666666666666,0.8064516129032258,0.7758620689655172,0.8
221,0.4318966587384542,0.8083333333333333,0.8192771084337349,0.7965367965367965,0.816
222,0.4166770905256271,0.8145833333333333,0.8112449799196787,0.8181818181818182,0.8194726166328601
223,0.3942754035194715,0.8208333333333333,0.8313253012048193,0.8095238095238095,0.828
224,0.40587335228919985,0.83125,0.828,0.8347826086956521,0.8363636363636363
225,0.4424088587363561,0.7958333333333333,0.7951807228915663,0.7965367965367965,0.8016194331983806
226,0.4134338691830635,0.825,0.8508064516129032,0.7974137931034483,0.83399209486166
227,0.4251085266470909,0.8104166666666667,0.8185483870967742,0.8017241379310345,0.8169014084507042
228,0.38700969964265824,0.83125,0.844,0.8173913043478261,0.8389662027833003
229,0.3859132965405782,0.8333333333333334,0.8353413654618473,0.8311688311688312,0.8387096774193549
230,0.41101675778627395,0.8,0.8104838709677419,0.7887931034482759,0.8072289156626506
231,0.4157934427261353,0.8125,0.8127490039840638,0.8122270742358079,0.8192771084337349
232,0.41586170097192127,0.8166666666666667,0.8326693227091634,0.7991266375545851,0.8260869565217391
233,0.42312693148851394,0.8104166666666667,0.8467741935483871,0.771551724137931,0.821917808219178
234,0.4228468731045723,0.8208333333333333,0.848,0.7913043478260869,0.8313725490196079
235,0.4135363191366196,0.8125,0.828,0.7956521739130434,0.8214285714285714
236,0.426673291126887,0.7979166666666667,0.788,0.808695652173913,0.8024439918533605
237,0.4122743770480156,0.7875,0.788,0.7869565217391304,0.7943548387096774
238,0.4200080305337906,0.8166666666666667,0.8112449799196787,0.8225108225108225,0.8211382113821138
239,0.39294902632633844,0.8270833333333333,0.8393574297188755,0.8138528138528138,0.8343313373253493
240,0.39052131871382395,0.8375,0.8273092369477911,0.8484848484848485,0.8408163265306122
241,0.42141726513703665,0.8125,0.8433734939759037,0.7792207792207793,0.8235294117647058
242,0.35844679176807404,0.8604166666666667,0.844,0.8782608695652174,0.8629856850715747
243,0.3942475184798241,0.8104166666666667,0.816,0.8043478260869565,0.8176352705410822
244,0.4401809602975845,0.7833333333333333,0.782258064516129,0.7844827586206896,0.7886178861788617
245,0.3970670705040296,0.81875,0.8306451612903226,0.8060344827586207,0.8256513026052105
246,0.3947647919257482,0.83125,0.8393574297188755,0.8225108225108225,0.8376753507014028
247,0.4006108502546946,0.8270833333333333,0.852589641434263,0.7991266375545851,0.837573385518591
248,0.42304150611162183,0.7979166666666667,0.8185483870967742,0.7758620689655172,0.8071570576540755
249,0.4185070862372716,0.7916666666666666,0.8225806451612904,0.7586206896551724,0.8031496062992126
250,0.40756292194128035,0.8041666666666667,0.8032128514056225,0.8051948051948052,0.8097165991902834
251,0.40657929629087447,0.79375,0.8152610441767069,0.7705627705627706,0.803960396039604
252,0.4048930173118909,0.8208333333333333,0.832,0.808695652173913,0.8286852589641435
253,0.45164527793725334,0.775,0.7903225806451613,0.7586206896551724,0.784
254,0.41818879594405495,0.8104166666666667,0.8192771084337349,0.8008658008658008,0.8176352705410822
255,0.432259992758433,0.8125,0.8232931726907631,0.8008658008658008,0.82
256,0.41100615362326304,0.8104166666666667,0.824,0.7956521739130434,0.8190854870775348
257,0.3981178055206935,0.8208333333333333,0.848605577689243,0.7903930131004366,0.83203125
258,0.39840858926375705,0.8145833333333333,0.82,0.808695652173913,0.8216432865731463
259,0.40094474454720813,0.8229166666666666,0.832,0.8130434782608695,0.8303393213572854
260,0.39338192691405616,0.83125,0.8406374501992032,0.8209606986899564,0.8389662027833003
261,0.41322755763928093,0.8020833333333334,0.828,0.7739130434782608,0.8133595284872298
262,0.41558238764603933,0.8166666666666667,0.82,0.8130434782608695,0.8232931726907631
263,0.3993378629287084,0.8270833333333333,0.856,0.7956521739130434,0.837573385518591
264,0.4070974916219711,0.825,0.8594377510040161,0.7878787878787878,0.8359375
265,0.4000571226080259,0.8125,0.8387096774193549,0.7844827586206896,0.8221343873517787
266,0.416142600774765,0.81875,0.8473895582329317,0.7878787878787878,0.8290766208251473
267,0.3960062195857366,0.80625,0.836,0.7739130434782608,0.8180039138943248
268,0.4043981934587161,0.8125,0.8366533864541833,0.7860262008733624,0.8235294117647058
269,0.3822020784020424,0.8333333333333334,0.816,0.8521739130434782,0.8360655737704918
270,0.4015802929798762,0.8104166666666667,0.8313253012048193,0.7878787878787878,0.8198019801980198
271,0.4041765014330546,0.81875,0.8433734939759037,0.7922077922077922,0.8284023668639053
272,0.42713069717089336,0.8041666666666667,0.8387096774193549,0.7672413793103449,0.8156862745098039
273,0.39211476941903434,0.8104166666666667,0.8,0.8217391304347826,0.814663951120163
274,0.39612501809994377,0.8354166666666667,0.8467741935483871,0.8232758620689655,0.8416833667334669
275,0.4045006384452184,0.8145833333333333,0.8273092369477911,0.8008658008658008,0.8223552894211577
276,0.3880591779947281,0.8229166666666666,0.844,0.8,0.8323471400394478
277,0.36901418020327886,0.8416666666666667,0.848,0.8347826086956521,0.848
278,0.39869958609342576,0.8229166666666666,0.836,0.808695652173913,0.831013916500994
279,0.4087554906805356,0.80625,0.8104838709677419,0.8017241379310345,0.8121212121212121
280,0.39157545218865075,0.825,0.824,0.8260869565217391,0.8306451612903226
281,0.3746473814050357,0.8458333333333333,0.852,0.8391304347826087,0.852
282,0.3822696725527445,0.8416666666666667,0.8393574297188755,0.8441558441558441,0.8461538461538461
283,0.3972311928868294,0.8270833333333333,0.844,0.808695652173913,0.8356435643564356
284,0.39012676775455474,0.8395833333333333,0.852,0.8260869565217391,0.8469184890656064
285,0.385035219291846,0.8354166666666667,0.8353413654618473,0.8354978354978355,0.8404040404040404
286,0.3592197040716807,0.8395833333333333,0.8473895582329317,0.8311688311688312,0.845691382765531
287,0.36107023656368253,0.8333333333333334,0.848,0.8173913043478261,0.8412698412698413
288,0.39445974975824355,0.8083333333333333,0.804,0.8130434782608695,0.8137651821862348
289,0.3956857065359751,0.8104166666666667,0.7951807228915663,0.8268398268398268,0.813141683778234
290,0.37469569146633147,0.8229166666666666,0.8266129032258065,0.8189655172413793,0.8282828282828283
291,0.3983949154615402,0.8125,0.8152610441767069,0.8095238095238095,0.8185483870967742
292,0.37424004475275674,0.825,0.8313253012048193,0.8181818181818182,0.8313253012048193
293,0.3740371987223625,0.8354166666666667,0.8629032258064516,0.8060344827586207,0.8441814595660749
294,0.422064471244812,0.8,0.8072289156626506,0.7922077922077922,0.8072289156626506
295,0.4022563551863035,0.825,0.8286852589641435,0.8209606986899564,0.832
296,0.36898082395394644,0.825,0.8393574297188755,0.8095238095238095,0.8326693227091634
297,0.3853518843650818,0.8354166666666667,0.856,0.8130434782608695,0.8441814595660749
298,0.3877716218431791,0.8208333333333333,0.804,0.8391304347826087,0.8237704918032787
299,0.39153827329476676,0.8145833333333333,0.8032128514056225,0.8268398268398268,0.8179959100204499
300,0.3869967882831891,0.8208333333333333,0.8112449799196787,0.8311688311688312,0.8244897959183674
301,0.415100343277057,0.8229166666666666,0.844,0.8,0.8323471400394478
302,0.38724823693434396,0.85,0.8634538152610441,0.8354978354978355,0.8565737051792829
303,0.3918208787838618,0.8270833333333333,0.812,0.8434782608695652,0.8302658486707567
304,0.36242105613152187,0.8479166666666667,0.8565737051792829,0.8384279475982532,0.8548707753479126
305,0.39677800486485165,0.8229166666666666,0.8353413654618473,0.8095238095238095,0.8303393213572854
306,0.3949122389157613,0.8208333333333333,0.816,0.8260869565217391,0.8259109311740891
307,0.3985717450579008,0.8208333333333333,0.8508064516129032,0.7887931034482759,0.8307086614173228
308,0.37113509476184847,0.8375,0.848,0.8260869565217391,0.8446215139442231
309,0.38668578465779624,0.825,0.8473895582329317,0.8008658008658008,0.83399209486166
310,0.3522270823518435,0.8479166666666667,0.852,0.8434782608695652,0.8537074148296593
311,0.37412174940109255,0.8458333333333333,0.8588709677419355,0.8318965517241379,0.852
312,0.379155899087588,0.8229166666666666,0.8366533864541833,0.8078602620087336,0.8316831683168316
313,0.37760871946811675,0.8166666666666667,0.8273092369477911,0.8051948051948052,0.824
314,0.3754660149415334,0.8229166666666666,0.8554216867469879,0.7878787878787878,0.8336594911937377
315,0.37826811571915947,0.8416666666666667,0.864,0.8173913043478261,0.8503937007874016
316,0.3926651601990064,0.8020833333333334,0.812,0.7913043478260869,0.810379241516966
317,0.3692466711004575,0.8458333333333333,0.852,0.8391304347826087,0.852
318,0.377188495794932,0.85,0.8605577689243028,0.8384279475982532,0.8571428571428571
319,0.40274050484100976,0.8166666666666667,0.8353413654618473,0.7965367965367965,0.8253968253968254
320,0.3423438121875127,0.8583333333333333,0.9,0.8130434782608695,0.8687258687258688
321,0.37778823673725126,0.8291666666666667,0.8353413654618473,0.8225108225108225,0.8353413654618473
322,0.38155208379030225,0.8291666666666667,0.8433734939759037,0.8138528138528138,0.8366533864541833
323,0.3517117102940877,0.8479166666666667,0.8594377510040161,0.8354978354978355,0.8542914171656687
324,0.4043696358799934,0.8083333333333333,0.844,0.7695652173913043,0.8210116731517509
325,0.386036608616511,0.8395833333333333,0.8433734939759037,0.8354978354978355,0.8450704225352113
326,0.37655356526374817,0.8333333333333334,0.8634538152610441,0.8008658008658008,0.8431372549019608
327,0.3653240159153938,0.8416666666666667,0.8313253012048193,0.8528138528138528,0.8448979591836735
328,0.38004307001829146,0.8291666666666667,0.856,0.8,0.8392156862745098
329,0.3854961822430293,0.83125,0.8353413654618473,0.8268398268398268,0.8370221327967807
330,0.3851768443981806,0.8083333333333333,0.8273092369477911,0.7878787878787878,0.8174603174603174
331,0.3866052250067393,0.8270833333333333,0.852,0.8,0.8369351669941061
332,0.37581103667616844,0.8354166666666667,0.844,0.8260869565217391,0.8423153692614771
333,0.38542710145314535,0.8104166666666667,0.8313253012048193,0.7878787878787878,0.8198019801980198
334,0.3734111482898394,0.8291666666666667,0.8473895582329317,0.8095238095238095,0.8373015873015873
335,0.3858463282386462,0.8354166666666667,0.844,0.8260869565217391,0.8423153692614771
336,0.3862412221729755,0.8145833333333333,0.8266129032258065,0.8017241379310345,0.8216432865731463
337,0.3864020417133967,0.83125,0.8629032258064516,0.7974137931034483,0.8408644400785854
338,0.36286190698544185,0.8479166666666667,0.88,0.8130434782608695,0.8576998050682261
339,0.3634029393394788,0.8416666666666667,0.8594377510040161,0.8225108225108225,0.8492063492063492
340,0.3792374615867933,0.8395833333333333,0.8685258964143426,0.8078602620087336,0.8499025341130604
341,0.36582906494537987,0.8583333333333333,0.8629032258064516,0.853448275862069,0.8629032258064516
342,0.3772152548034986,0.8291666666666667,0.8353413654618473,0.8225108225108225,0.8353413654618473
343,0.38949763725201286,0.81875,0.8366533864541833,0.7991266375545851,0.8284023668639053
344,0.3566524604956309,0.85625,0.8955823293172691,0.8138528138528138,0.8660194174757282
345,0.3469396993517876,0.8479166666666667,0.848,0.8478260869565217,0.8531187122736419
346,0.34709515074888864,0.8395833333333333,0.844,0.8347826086956521,0.845691382765531
347,0.3655714030067126,0.8416666666666667,0.848,0.8347826086956521,0.848
348,0.3625829666852951,0.8395833333333333,0.8554216867469879,0.8225108225108225,0.8469184890656064
349,0.4000655062496662,0.8229166666666666,0.824,0.8217391304347826,0.8289738430583501
350,0.3507975528637568,0.8583333333333333,0.875,0.8405172413793104,0.8645418326693227
351,0.37097500363985697,0.83125,0.8207171314741036,0.8427947598253275,0.8356997971602435
352,0.3483636518319448,0.8520833333333333,0.8714859437751004,0.8311688311688312,0.8594059405940594
353,0.35732970039049783,0.8354166666666667,0.8514056224899599,0.8181818181818182,0.8429423459244533
354,0.35852908839782077,0.8375,0.844,0.8304347826086956,0.844
355,0.39998240719238914,0.8125,0.8346774193548387,0.7887931034482759,0.8214285714285714
356,0.3471839750806491,0.8604166666666667,0.876,0.8434782608695652,0.8673267326732673
357,0.38593037277460096,0.8395833333333333,0.8433734939759037,0.8354978354978355,0.8450704225352113
358,0.3364296351869901,0.8479166666666667,0.8473895582329317,0.8484848484848485,0.8525252525252526
359,0.3660764639576276,0.8375,0.8629032258064516,0.8103448275862069,0.8458498023715415
360,0.37406693001588187,0.8416666666666667,0.852,0.8304347826086956,0.848605577689243
361,0.38785765916109083,0.8291666666666667,0.8353413654618473,0.8225108225108225,0.8353413654618473
362,0.35641087740659716,0.8375,0.856,0.8173913043478261,0.8458498023715415
363,0.3690391103426615,0.84375,0.8473895582329317,0.8398268398268398,0.8490945674044266
364,0.3648752450942993,0.8479166666666667,0.8594377510040161,0.8354978354978355,0.8542914171656687
365,0.34261587212483086,0.8291666666666667,0.8514056224899599,0.8051948051948052,0.8379446640316206
366,0.41272952159245807,0.8083333333333333,0.82,0.7956521739130434,0.8167330677290837
367,0.3704620773593585,0.8416666666666667,0.842741935483871,0.8405172413793104,0.8461538461538461
368,0.3721694807211558,0.84375,0.8674698795180723,0.8181818181818182,0.8520710059171598
369,0.3379003981749217,0.8541666666666666,0.86,0.8478260869565217,0.86
370,0.3556707759698232,0.85625,0.856,0.8565217391304348,0.8611670020120724
371,0.40973591804504395,0.8104166666666667,0.8326693227091634,0.7860262008733624,0.8212180746561886
372,0.3913151587049166,0.8270833333333333,0.8514056224899599,0.8008658008658008,0.8362919132149902
373,0.3794121161103249,0.8291666666666667,0.8629032258064516,0.7931034482758621,0.8392156862745098
374,0.366167817513148,0.84375,0.86,0.8260869565217391,0.8514851485148515
375,0.36231615444024406,0.8604166666666667,0.876,0.8434782608695652,0.8673267326732673
376,0.36671218276023865,0.8354166666666667,0.8548387096774194,0.8146551724137931,0.8429423459244533
377,0.35551393727461494,0.8666666666666667,0.8714859437751004,0.8614718614718615,0.8714859437751004
378,0.3428074911236763,0.8583333333333333,0.8714859437751004,0.8441558441558441,0.8645418326693227
379,0.36149138311545054,0.81875,0.8273092369477911,0.8095238095238095,0.8256513026052105
380,0.3662146960695585,0.8354166666666667,0.8634538152610441,0.8051948051948052,0.8447937131630648
381,0.38314911474784213,0.8145833333333333,0.82,0.808695652173913,0.8216432865731463
382,0.3515053922931353,0.8395833333333333,0.864,0.8130434782608695,0.8487229862475442
383,0.3720612143476804,0.8333333333333334,0.8346774193548387,0.8318965517241379,0.8380566801619433
384,0.3643514608343442,0.8395833333333333,0.856,0.8217391304347826,0.8475247524752475
385,0.3587495525677999,0.8666666666666667,0.8709677419354839,0.8620689655172413,0.8709677419354839
386,0.35071585327386856,0.85625,0.9036144578313253,0.8051948051948052,0.8670520231213873
387,0.40258812457323073,0.8145833333333333,0.868,0.7565217391304347,0.8298279158699808
388,0.3152118335167567,0.8645833333333334,0.864,0.8652173913043478,0.869215291750503
389,0.35845279445250827,0.8395833333333333,0.8554216867469879,0.8225108225108225,0.8469184890656064
390,0.38472337772448856,0.83125,0.84,0.8217391304347826,0.8383233532934131
391,0.36184663077195484,0.83125,0.8548387096774194,0.8060344827586207,0.8396039603960396
392,0.35903260310490925,0.86875,0.8835341365461847,0.8528138528138528,0.8747514910536779
393,0.3421307978530725,0.8666666666666667,0.892,0.8391304347826087,0.8745098039215686
394,0.3823868175347646,0.8395833333333333,0.848,0.8304347826086956,0.846307385229541
395,0.37765590051809944,0.8166666666666667,0.8313253012048193,0.8008658008658008,0.8247011952191236
396,0.3537408356865247,0.84375,0.84,0.8478260869565217,0.8484848484848485
397,0.3545117676258087,0.85625,0.8795180722891566,0.8311688311688312,0.863905325443787
398,0.33455753028392793,0.8666666666666667,0.892,0.8391304347826087,0.8745098039215686
399,0.3490464935700099,0.85625,0.891566265060241,0.8181818181818182,0.8654970760233918
400,0.34815801680088043,0.84375,0.848605577689243,0.8384279475982532,0.8502994011976048
401,0.35188890198866524,0.8479166666666667,0.8508064516129032,0.8448275862068966,0.8525252525252526
402,0.3328555718064308,0.8541666666666666,0.856,0.8521739130434782,0.8594377510040161
403,0.3386789778868357,0.8666666666666667,0.856,0.8782608695652174,0.8699186991869918
404,0.3316956619421641,0.8666666666666667,0.8830645161290323,0.8491379310344828,0.8725099601593626
405,0.36231887837251026,0.8416666666666667,0.86,0.8217391304347826,0.849802371541502
406,0.3339690774679184,0.8708333333333333,0.8991935483870968,0.8405172413793104,0.8779527559055118
407,0.3551312322417895,0.8354166666666667,0.86,0.808695652173913,0.8447937131630648
408,0.3795009657740593,0.83125,0.872,0.7869565217391304,0.8433268858800773
409,0.3662518004576365,0.8333333333333334,0.8406374501992032,0.8253275109170306,0.8406374501992032
410,0.3392134542266528,0.8666666666666667,0.8645418326693227,0.868995633187773,0.8714859437751004
411,0.35538995563983916,0.8645833333333334,0.8870967741935484,0.8405172413793104,0.8712871287128713
412,0.3439400717616081,0.8479166666666667,0.848,0.8478260869565217,0.8531187122736419
413,0.345257476468881,0.8541666666666666,0.8835341365461847,0.8225108225108225,0.8627450980392157
414,0.35077063341935477,0.84375,0.84,0.8478260869565217,0.8484848484848485
415,0.3391196255882581,0.8541666666666666,0.8674698795180723,0.8398268398268398,0.8605577689243028
416,0.35872086733579633,0.85,0.8473895582329317,0.8528138528138528,0.854251012145749
417,0.3616539468367895,0.8458333333333333,0.8645418326693227,0.8253275109170306,0.8543307086614174
418,0.35015343825022377,0.8645833333333334,0.884,0.8434782608695652,0.8717948717948718
419,0.34296630521615346,0.8604166666666667,0.856,0.8652173913043478,0.8646464646464647
420,0.32270697752634686,0.85625,0.868,0.8434782608695652,0.8628230616302187
421,0.35908588965733845,0.84375,0.856,0.8304347826086956,0.8508946322067594
422,0.36922353903452554,0.8395833333333333,0.8473895582329317,0.8311688311688312,0.845691382765531
423,0.3488648186127345,0.8416666666666667,0.848,0.8347826086956521,0.848
424,0.3764151965578397,0.8375,0.8306451612903226,0.8448275862068966,0.8408163265306122
425,0.33509429494539894,0.8625,0.8709677419354839,0.853448275862069,0.8674698795180723
426,0.3291011507312457,0.85625,0.864,0.8478260869565217,0.8622754491017964
427,0.3310873180627823,0.8645833333333334,0.88,0.8478260869565217,0.8712871287128713
428,0.30953470716873804,0.8708333333333333,0.896,0.8434782608695652,0.8784313725490196
429,0.3648164729277293,0.83125,0.8634538152610441,0.7965367965367965,0.8414872798434442
430,0.3581432494024436,0.8291666666666667,0.8565737051792829,0.7991266375545851,0.83984375
431,0.3412573128938675,0.8666666666666667,0.892,0.8391304347826087,0.8745098039215686
432,0.3667264714837074,0.8270833333333333,0.8446215139442231,0.8078602620087336,0.8362919132149902
433,0.36660341123739876,0.8416666666666667,0.836,0.8478260869565217,0.8461538461538461
434,0.31523594856262205,0.875,0.8951612903225806,0.853448275862069,0.8809523809523809
435,0.3344635784626007,0.8645833333333334,0.8714859437751004,0.8571428571428571,0.8697394789579158
436,0.353503359357516,0.85,0.8674698795180723,0.8311688311688312,0.8571428571428571
437,0.3323204497496287,0.8645833333333334,0.884,0.8434782608695652,0.8717948717948718
438,0.33862190594275793,0.8520833333333333,0.8634538152610441,0.8398268398268398,0.8582834331337326
439,0.34981406132380166,0.85625,0.852589641434263,0.8602620087336245,0.8611670020120724
440,0.35196673224369684,0.8375,0.8473895582329317,0.8268398268398268,0.844
441,0.32405198117097217,0.8666666666666667,0.8764940239043825,0.8558951965065502,0.873015873015873
442,0.37457074771324794,0.8208333333333333,0.8225806451612904,0.8189655172413793,0.8259109311740891
443,0.3364138747255007,0.8541666666666666,0.884,0.8217391304347826,0.86328125
444,0.3111929550766945,0.88125,0.8991935483870968,0.8620689655172413,0.8866799204771372
445,0.3746712396542231,0.825,0.8548387096774194,0.7931034482758621,0.8346456692913385
446,0.3417808137834072,0.8520833333333333,0.8366533864541833,0.868995633187773,0.8553971486761711
447,0.3548694769541422,0.8479166666666667,0.8588709677419355,0.8362068965517241,0.8537074148296593
448,0.3561050772666931,0.85,0.848605577689243,0.851528384279476,0.8554216867469879
449,0.33312922914822896,0.8416666666666667,0.8634538152610441,0.8181818181818182,0.849802371541502
450,0.3282409245769183,0.85,0.8714859437751004,0.8268398268398268,0.857707509881423
451,0.3479962522784869,0.8479166666666667,0.842741935483871,0.853448275862069,0.8513238289205702
452,0.3685930001238982,0.8291666666666667,0.8346774193548387,0.8232758620689655,0.8346774193548387
453,0.3378602579236031,0.84375,0.8433734939759037,0.8441558441558441,0.8484848484848485
454,0.340842068195343,0.8520833333333333,0.848,0.8565217391304348,0.8565656565656565
455,0.31067566374937694,0.8791666666666667,0.8830645161290323,0.875,0.8830645161290323
456,0.33207124918699266,0.8666666666666667,0.8514056224899599,0.8831168831168831,0.8688524590163934
457,0.3401614539325237,0.8520833333333333,0.864,0.8391304347826087,0.8588469184890656
458,0.3862619740267595,0.825,0.842741935483871,0.8060344827586207,0.8326693227091634
459,0.38677744617064796,0.8229166666666666,0.8313253012048193,0.8138528138528138,0.8296593186372746
460,0.35407698154449463,0.8541666666666666,0.8830645161290323,0.8232758620689655,0.8622047244094488
461,0.3172379473845164,0.8708333333333333,0.888,0.8521739130434782,0.8774703557312253
462,0.3738858972986539,0.83125,0.8514056224899599,0.8095238095238095,0.8396039603960396
463,0.3342516526579857,0.8375,0.852,0.8217391304347826,0.8452380952380952
464,0.33717050949732463,0.8583333333333333,0.8709677419354839,0.8448275862068966,0.864
465,0.3200453852613767,0.85,0.8714859437751004,0.8268398268398268,0.857707509881423
466,0.3700043519337972,0.85,0.848,0.8521739130434782,0.8548387096774194
467,0.3294357046484947,0.8604166666666667,0.8755020080321285,0.8441558441558441,0.8667992047713717
468,0.341177665690581,0.8416666666666667,0.8588709677419355,0.8232758620689655,0.848605577689243
469,0.32805987894535066,0.85625,0.852,0.8608695652173913,0.8606060606060606
470,0.3283862064282099,0.8666666666666667,0.884,0.8478260869565217,0.8735177865612648
471,0.350701350470384,0.8354166666666667,0.8467741935483871,0.8232758620689655,0.8416833667334669
472,0.3064297949274381,0.8875,0.904,0.8695652173913043,0.8932806324110671
473,0.29075295428435005,0.8895833333333333,0.896,0.8826086956521739,0.8942115768463074
474,0.3556908999880155,0.8541666666666666,0.8755020080321285,0.8311688311688312,0.8616600790513834
475,0.3027372173964977,0.88125,0.9153225806451613,0.8448275862068966,0.8884540117416829
476,0.34270251939694085,0.8395833333333333,0.8588709677419355,0.8189655172413793,0.8469184890656064
477,0.37751192003488543,0.825,0.816,0.8347826086956521,0.8292682926829268
478,0.311550372838974,0.8791666666666667,0.8870967741935484,0.8706896551724138,0.8835341365461847
479,0.35248057544231415,0.8583333333333333,0.8594377510040161,0.8571428571428571,0.8629032258064516
480,0.2984932608902454,0.875,0.876,0.8739130434782608,0.8795180722891566
481,0.3394992232322693,0.8604166666666667,0.8875502008032129,0.8311688311688312,0.8683693516699411
482,0.31450540373722713,0.86875,0.8804780876494024,0.8558951965065502,0.8752475247524752
483,0.35012446691592536,0.8541666666666666,0.8674698795180723,0.8398268398268398,0.8605577689243028
484,0.349527848760287,0.825,0.832,0.8173913043478261,0.832
485,0.3727073699235916,0.83125,0.8353413654618473,0.8268398268398268,0.8370221327967807
486,0.3301971033215523,0.8645833333333334,0.8835341365461847,0.8441558441558441,0.8712871287128713
487,0.3453276922305425,0.8625,0.888,0.8347826086956521,0.8705882352941177
488,0.3391828750570615,0.8541666666666666,0.88,0.8260869565217391,0.8627450980392157
489,0.3440535321831703,0.8604166666666667,0.8467741935483871,0.875,0.8624229979466119
490,0.35020526548226677,0.8375,0.848605577689243,0.8253275109170306,0.8452380952380952
491,0.3412492925922076,0.8520833333333333,0.8634538152610441,0.8398268398268398,0.8582834331337326
492,0.3360809435447057,0.8520833333333333,0.8835341365461847,0.8181818181818182,0.8610567514677103
493,0.3176394924521446,0.875,0.86,0.8913043478260869,0.8775510204081632
494,0.31001601815223695,0.88125,0.8955823293172691,0.8658008658008658,0.8866799204771372
495,0.30683427850405376,0.8604166666666667,0.864,0.8565217391304348,0.8657314629258517
496,0.3179746742049853,0.8708333333333333,0.8755020080321285,0.8658008658008658,0.8755020080321285
497,0.3285664786895116,0.84375,0.8755020080321285,0.8095238095238095,0.8532289628180039
498,0.3223031794031461,0.875,0.8709677419354839,0.8793103448275862,0.8780487804878049
499,0.32379344254732134,0.8708333333333333,0.8924302788844621,0.8471615720524017,0.8784313725490196
500,0.36416422128677367,0.8395833333333333,0.864,0.8130434782608695,0.8487229862475442
501,0.3732249692082405,0.8395833333333333,0.8634538152610441,0.8138528138528138,0.8481262327416174
502,0.3329106522103151,0.8458333333333333,0.872,0.8173913043478261,0.8549019607843137
503,0.3210623234510422,0.85,0.888,0.808695652173913,0.8604651162790697
504,0.2990384524067243,0.8833333333333333,0.9076305220883534,0.8571428571428571,0.889763779527559
505,0.3196747774879138,0.8604166666666667,0.8835341365461847,0.8354978354978355,0.8678500986193294
506,0.3258520329991976,0.8520833333333333,0.8674698795180723,0.8354978354978355,0.8588469184890656
507,0.30827918524543446,0.875,0.8835341365461847,0.8658008658008658,0.88
508,0.3300774010519187,0.85,0.8795180722891566,0.8181818181818182,0.8588235294117647
509,0.35291541516780855,0.85,0.8548387096774194,0.8448275862068966,0.8548387096774194
510,0.3776767998933792,0.84375,0.86,0.8260869565217391,0.8514851485148515
511,0.3391270637512207,0.86875,0.8835341365461847,0.8528138528138528,0.8747514910536779
512,0.34499831398328146,0.8416666666666667,0.836,0.8478260869565217,0.8461538461538461
513,0.30793025096257526,0.875,0.8951612903225806,0.853448275862069,0.8809523809523809
514,0.33673638800779976,0.8541666666666666,0.8714859437751004,0.8354978354978355,0.8611111111111112
515,0.36284806579351425,0.8354166666666667,0.848,0.8217391304347826,0.8429423459244533
516,0.32432581931352616,0.8583333333333333,0.8795180722891566,0.8354978354978355,0.8656126482213439
517,0.32838950008153917,0.84375,0.8548387096774194,0.8318965517241379,0.8496993987975952
518,0.3237498161693414,0.86875,0.8755020080321285,0.8614718614718615,0.87374749498998
519,0.30529407461484276,0.8708333333333333,0.88,0.8608695652173913,0.8764940239043825
520,0.33696509848038353,0.8666666666666667,0.884,0.8478260869565217,0.8735177865612648
521,0.3442206184069316,0.85,0.8565737051792829,0.8427947598253275,0.8565737051792829
522,0.341203440229098,0.8666666666666667,0.8835341365461847,0.8484848484848485,0.873015873015873
523,0.31049660245577493,0.8770833333333333,0.9076305220883534,0.8441558441558441,0.8845401174168297
524,0.29495578358570734,0.8833333333333333,0.88,0.8869565217391304,0.8870967741935484
525,0.3643777320782344,0.8291666666666667,0.84,0.8173913043478261,0.8366533864541833
526,0.317008280257384,0.8604166666666667,0.8634538152610441,0.8571428571428571,0.8651911468812877
527,0.3567448784907659,0.8520833333333333,0.852589641434263,0.851528384279476,0.8577154308617234
528,0.3377415597438812,0.8625,0.8991935483870968,0.8232758620689655,0.87109375
529,0.3341174930334091,0.85625,0.8634538152610441,0.8484848484848485,0.8617234468937875
530,0.3349701849122842,0.8625,0.8755020080321285,0.8484848484848485,0.8685258964143426
531,0.3018378458917141,0.8770833333333333,0.8995983935742972,0.8528138528138528,0.883629191321499
532,0.3151483024160067,0.8625,0.8725099601593626,0.851528384279476,0.8690476190476191
533,0.3150135114789009,0.8854166666666666,0.9322709163346613,0.834061135371179,0.8948374760994264
534,0.297771655023098,0.8708333333333333,0.8685258964143426,0.8733624454148472,0.8755020080321285
535,0.34644215951363244,0.84375,0.8725099601593626,0.8122270742358079,0.8538011695906432
536,0.32222908089558283,0.8708333333333333,0.916,0.8217391304347826,0.8807692307692307
537,0.3038215324282646,0.8583333333333333,0.848,0.8695652173913043,0.8617886178861789
538,0.3275410900513331,0.875,0.888,0.8608695652173913,0.8809523809523809
539,0.3082154465218385,0.8854166666666666,0.9,0.8695652173913043,0.8910891089108911
540,0.3073599065343539,0.8729166666666667,0.8674698795180723,0.8787878787878788,0.8762677484787018
541,0.30407731582721076,0.8666666666666667,0.8835341365461847,0.8484848484848485,0.873015873015873
542,0.3252931709090869,0.8833333333333333,0.8875502008032129,0.8787878787878788,0.8875502008032129
543,0.321969082703193,0.8833333333333333,0.8955823293172691,0.8701298701298701,0.8884462151394422
544,0.3477973828713099,0.8375,0.8755020080321285,0.7965367965367965,0.8482490272373541
545,0.2973992556333542,0.8916666666666667,0.9116465863453815,0.8701298701298701,0.8972332015810277
546,0.3317096387346586,0.88125,0.8995983935742972,0.8614718614718615,0.8871287128712871
547,0.3129309376080831,0.8666666666666667,0.8875502008032129,0.8441558441558441,0.8735177865612648
548,0.3479101506372293,0.8375,0.8313253012048193,0.8441558441558441,0.8414634146341463
549,0.3136569584409396,0.8708333333333333,0.8795180722891566,0.8614718614718615,0.876
550,0.2999867096543312,0.8770833333333333,0.872,0.8826086956521739,0.8808080808080808
551,0.29738218784332277,0.8770833333333333,0.8830645161290323,0.8706896551724138,0.8812877263581489
552,0.32071664556860924,0.8625,0.896,0.8260869565217391,0.8715953307392996
553,0.33851768722136816,0.85625,0.864,0.8478260869565217,0.8622754491017964
554,0.30395334934194884,0.8791666666666667,0.892,0.8652173913043478,0.8849206349206349
555,0.31461268166701,0.8729166666666667,0.872,0.8739130434782608,0.8772635814889336
556,0.33561419049898783,0.8666666666666667,0.8795180722891566,0.8528138528138528,0.8725099601593626
557,0.344565952817599,0.8395833333333333,0.8554216867469879,0.8225108225108225,0.8469184890656064
558,0.3324318284789721,0.8395833333333333,0.848605577689243,0.8296943231441049,0.8469184890656064
559,0.2948233142495155,0.89375,0.9156626506024096,0.8701298701298701,0.8994082840236687
560,0.30713678201039635,0.85625,0.872,0.8391304347826087,0.8633663366336634
561,0.3186026411751906,0.8770833333333333,0.8955823293172691,0.8571428571428571,0.8831683168316832
562,0.3372120474775632,0.8520833333333333,0.876,0.8260869565217391,0.8605108055009824
563,0.31581178655227027,0.875,0.8995983935742972,0.8484848484848485,0.8818897637795275
564,0.3266710137327512,0.85,0.868,0.8304347826086956,0.857707509881423
565,0.31284228960673016,0.8625,0.8875502008032129,0.8354978354978355,0.8700787401574803
566,0.3269449462493261,0.8625,0.848,0.8782608695652174,0.8653061224489796
567,0.3046816200017929,0.8770833333333333,0.892,0.8608695652173913,0.8831683168316832
568,0.3120286817351977,0.8583333333333333,0.8393574297188755,0.8787878787878788,0.8600823045267489
569,0.29374705453713734,0.8583333333333333,0.8714859437751004,0.8441558441558441,0.8645418326693227
570,0.3038988786439101,0.8625,0.8714859437751004,0.8528138528138528,0.868
571,0.3193323957423369,0.86875,0.8714859437751004,0.8658008658008658,0.8732394366197183
572,0.2897171547015508,0.8791666666666667,0.891566265060241,0.8658008658008658,0.8844621513944223
573,0.3033773293097814,0.86875,0.8725099601593626,0.8646288209606987,0.874251497005988
574,0.3076712859173616,0.875,0.8795180722891566,0.8701298701298701,0.8795180722891566
575,0.30499078581730527,0.86875,0.872,0.8652173913043478,0.87374749498998
576,0.2823459277550379,0.89375,0.891566265060241,0.8961038961038961,0.896969696969697
577,0.323517149190108,0.85625,0.868,0.8434782608695652,0.8628230616302187
578,0.33566869248946507,0.85625,0.876,0.8347826086956521,0.863905325443787
579,0.2806016499797503,0.8979166666666667,0.916,0.8782608695652174,0.903353057199211
580,0.2947590450445811,0.8708333333333333,0.896,0.8434782608695652,0.8784313725490196
581,0.3056573857863744,0.89375,0.9116465863453815,0.8744588744588745,0.899009900990099
582,0.2919162007669608,0.88125,0.896414342629482,0.8646288209606987,0.8875739644970414
583,0.2887914170821508,0.8916666666666667,0.896414342629482,0.8864628820960698,0.896414342629482
584,0.3172776977221171,0.8583333333333333,0.8714859437751004,0.8441558441558441,0.8645418326693227
585,0.3063714176416397,0.8645833333333334,0.8755020080321285,0.8528138528138528,0.8702594810379242
586,0.3312186151742935,0.8645833333333334,0.875,0.853448275862069,0.8697394789579158
587,0.30133306235074997,0.8791666666666667,0.891566265060241,0.8658008658008658,0.8844621513944223
588,0.2957829530040423,0.8708333333333333,0.868,0.8739130434782608,0.875
589,0.3079562604427338,0.88125,0.8835341365461847,0.8787878787878788,0.8853118712273642
590,0.3151570074260235,0.8770833333333333,0.8995983935742972,0.8528138528138528,0.883629191321499
591,0.3019225959976514,0.8770833333333333,0.8951612903225806,0.8577586206896551,0.882703777335984
592,0.3620508541663488,0.8395833333333333,0.8473895582329317,0.8311688311688312,0.845691382765531
593,0.2914855862657229,0.8833333333333333,0.8875502008032129,0.8787878787878788,0.8875502008032129
594,0.3004268211623033,0.8729166666666667,0.892,0.8521739130434782,0.8796844181459567
595,0.29474501411120096,0.88125,0.875,0.8879310344827587,0.8839103869653768
596,0.3251943697532018,0.8729166666666667,0.8835341365461847,0.8614718614718615,0.8782435129740519
597,0.2945209184040626,0.8666666666666667,0.8594377510040161,0.8744588744588745,0.8699186991869918
598,0.3091474076112111,0.8541666666666666,0.8790322580645161,0.8275862068965517,0.8616600790513834
599,0.3203691522280375,0.8604166666666667,0.8554216867469879,0.8658008658008658,0.8640973630831643
600,0.3127658762037754,0.8604166666666667,0.876,0.8434782608695652,0.8673267326732673
601,0.30814395199219385,0.8770833333333333,0.896414342629482,0.8558951965065502,0.8840864440078585
602,0.34620970437924065,0.8479166666666667,0.8714859437751004,0.8225108225108225,0.8560157790927022
603,0.32032954568664235,0.8583333333333333,0.8674698795180723,0.8484848484848485,0.864
604,0.3000969300667445,0.8729166666666667,0.8875502008032129,0.8571428571428571,0.878727634194831
605,0.3154262696703275,0.8645833333333334,0.876,0.8521739130434782,0.8707753479125249
606,0.29674472312132516,0.88125,0.8911290322580645,0.8706896551724138,0.8857715430861723
607,0.32495584785938264,0.8583333333333333,0.86,0.8565217391304348,0.8634538152610441
608,0.3295161222418149,0.85,0.856,0.8434782608695652,0.856
609,0.3134495623409748,0.8625,0.88,0.8434782608695652,0.8695652173913043
610,0.30935564587513603,0.86875,0.8835341365461847,0.8528138528138528,0.8747514910536779
611,0.32465974539518355,0.8729166666666667,0.868,0.8782608695652174,0.8767676767676768
612,0.3032031719883283,0.8770833333333333,0.8884462151394422,0.8646288209606987,0.8831683168316832
613,0.31509366234143577,0.8875,0.8875502008032129,0.8874458874458875,0.8911290322580645
614,0.2795425891876221,0.8854166666666666,0.8955823293172691,0.8744588744588745,0.8902195608782435
615,0.3287837542593479,0.8625,0.876,0.8478260869565217,0.8690476190476191
616,0.30846338321765265,0.8729166666666667,0.876,0.8695652173913043,0.8777555110220441
617,0.30393376847108206,0.875,0.8795180722891566,0.8701298701298701,0.8795180722891566
618,0.2884963219364484,0.8708333333333333,0.8755020080321285,0.8658008658008658,0.8755020080321285
619,0.31898086741566656,0.8625,0.8790322580645161,0.8448275862068966,0.8685258964143426
620,0.3361703112721443,0.85625,0.8629032258064516,0.8491379310344828,0.8611670020120724
621,0.2590616496900717,0.90625,0.9317269076305221,0.8787878787878788,0.9115913555992141
622,0.31371617689728737,0.8645833333333334,0.8995983935742972,0.8268398268398268,0.8732943469785575
623,0.31232394675413766,0.86875,0.8875502008032129,0.8484848484848485,0.8752475247524752
624,0.3020666050414244,0.8625,0.852,0.8739130434782608,0.8658536585365854
625,0.3382870892683665,0.8520833333333333,0.8588709677419355,0.8448275862068966,0.8571428571428571
626,0.3031733423471451,0.8916666666666667,0.908,0.8739130434782608,0.8972332015810277
627,0.3003434012333552,0.89375,0.9116465863453815,0.8744588744588745,0.899009900990099
628,0.3087093636393547,0.8666666666666667,0.8634538152610441,0.8701298701298701,0.8704453441295547
629,0.3323548381527265,0.8583333333333333,0.8634538152610441,0.8528138528138528,0.8634538152610441
630,0.30568426474928856,0.8770833333333333,0.8995983935742972,0.8528138528138528,0.883629191321499
631,0.29864776134490967,0.8645833333333334,0.868,0.8608695652173913,0.8697394789579158
632,0.33302227159341175,0.85,0.8674698795180723,0.8311688311688312,0.8571428571428571
633,0.31423312475283943,0.8645833333333334,0.872,0.8565217391304348,0.8702594810379242
634,0.34560185223817824,0.8395833333333333,0.8473895582329317,0.8311688311688312,0.845691382765531
635,0.2975958243012428,0.8729166666666667,0.8875502008032129,0.8571428571428571,0.878727634194831
636,0.3094883414606253,0.8770833333333333,0.888,0.8652173913043478,0.882703777335984
637,0.2747128946085771,0.9041666666666667,0.9196787148594378,0.8874458874458875,0.9087301587301587
638,0.2805039405822754,0.8791666666666667,0.864,0.8956521739130435,0.8816326530612245
639,0.31802322616179785,0.8625,0.8755020080321285,0.8484848484848485,0.8685258964143426
640,0.3259263594945272,0.8604166666666667,0.8634538152610441,0.8571428571428571,0.8651911468812877
641,0.28774271309375765,0.8729166666666667,0.8634538152610441,0.8831168831168831,0.8757637474541752
642,0.3102084795633952,0.8625,0.8835341365461847,0.8398268398268398,0.8695652173913043
643,0.3163883723318577,0.8479166666666667,0.8508064516129032,0.8448275862068966,0.8525252525252526
644,0.2919979910055796,0.8770833333333333,0.904,0.8478260869565217,0.8845401174168297
645,0.29092805584271747,0.875,0.888,0.8608695652173913,0.8809523809523809
646,0.3051681724687417,0.8666666666666667,0.888,0.8434782608695652,0.8740157480314961
647,0.3276351377367973,0.8625,0.8594377510040161,0.8658008658008658,0.8663967611336032
648,0.2860848692556222,0.88125,0.891566265060241,0.8701298701298701,0.8862275449101796
649,0.27626426964998246,0.89375,0.904,0.8826086956521739,0.8986083499005965
650,0.32420940945545834,0.8458333333333333,0.856,0.8347826086956521,0.852589641434263
651,0.3125648741920789,0.8520833333333333,0.8669354838709677,0.8362068965517241,0.8582834331337326
652,0.285845934599638,0.8895833333333333,0.8685258964143426,0.9126637554585153,0.8916155419222904
653,0.31095024396975834,0.8770833333333333,0.8875502008032129,0.8658008658008658,0.8822355289421158
654,0.3538311079144478,0.8458333333333333,0.8605577689243028,0.8296943231441049,0.8537549407114624
655,0.2854354456067085,0.8916666666666667,0.908,0.8739130434782608,0.8972332015810277
656,0.3048273374636968,0.875,0.8995983935742972,0.8484848484848485,0.8818897637795275
657,0.2956617233653863,0.86875,0.876,0.8608695652173913,0.874251497005988
658,0.3029597227772077,0.8791666666666667,0.8835341365461847,0.8744588744588745,0.8835341365461847
659,0.29949633926153185,0.8729166666666667,0.9,0.8434782608695652,0.8806262230919765
660,0.2948465955754121,0.8875,0.9,0.8739130434782608,0.8928571428571429
661,0.31274820665518444,0.8708333333333333,0.88,0.8608695652173913,0.8764940239043825
662,0.2826651645203431,0.88125,0.892,0.8695652173913043,0.8866799204771372
663,0.30386347621679305,0.875,0.8714859437751004,0.8787878787878788,0.8785425101214575
664,0.31017808665831886,0.8625,0.888,0.8347826086956521,0.8705882352941177
665,0.2916837933162848,0.88125,0.8709677419354839,0.8922413793103449,0.8834355828220859
666,0.28567581499616307,0.8729166666666667,0.892,0.8521739130434782,0.8796844181459567
667,0.30631583034992216,0.8645833333333334,0.876,0.8521739130434782,0.8707753479125249
668,0.30136875386039413,0.8791666666666667,0.8795180722891566,0.8787878787878788,0.8830645161290323
669,0.3011810625592867,0.8729166666666667,0.8830645161290323,0.8620689655172413,0.8777555110220441
670,0.33136179447174074,0.8708333333333333,0.884,0.8565217391304348,0.876984126984127
671,0.27572276319066685,0.89375,0.9036144578313253,0.8831168831168831,0.8982035928143712
672,0.301301750789086,0.8729166666666667,0.852,0.8956521739130435,0.8747433264887063
673,0.28293552721540133,0.88125,0.8795180722891566,0.8831168831168831,0.8848484848484849
674,0.28123240421215695,0.8958333333333334,0.916,0.8739130434782608,0.9015748031496063
675,0.3100427436331908,0.8666666666666667,0.8764940239043825,0.8558951965065502,0.873015873015873
676,0.26606055920322735,0.8979166666666667,0.9,0.8956521739130435,0.9018036072144289
677,0.30237939606110253,0.875,0.8804780876494024,0.868995633187773,0.8804780876494024
678,0.2753887583812078,0.875,0.8875502008032129,0.8614718614718615,0.8804780876494024
679,0.3557206223408381,0.8541666666666666,0.8634538152610441,0.8441558441558441,0.86
680,0.3038166994849841,0.8791666666666667,0.892,0.8652173913043478,0.8849206349206349
681,0.3278307353456815,0.8854166666666666,0.9032258064516129,0.8663793103448276,0.8906560636182903
682,0.330646900832653,0.8520833333333333,0.8594377510040161,0.8441558441558441,0.8577154308617234
683,0.2930927077929179,0.8875,0.8991935483870968,0.875,0.892
684,0.29047853673497837,0.875,0.9036144578313253,0.8441558441558441,0.8823529411764706
685,0.2660024784505367,0.9104166666666667,0.9196787148594378,0.9004329004329005,0.9141716566866267
686,0.31700809895992277,0.8770833333333333,0.896,0.8565217391304348,0.883629191321499
687,0.29870655983686445,0.875,0.876,0.8739130434782608,0.8795180722891566
688,0.31051348298788073,0.86875,0.8755020080321285,0.8614718614718615,0.87374749498998
689,0.2890411871174971,0.89375,0.9043824701195219,0.8820960698689956,0.899009900990099
690,0.2968360016743342,0.8791666666666667,0.9112903225806451,0.8448275862068966,0.8862745098039215
691,0.3083654761314392,0.8708333333333333,0.916,0.8217391304347826,0.8807692307692307
692,0.2834551379084587,0.8729166666666667,0.8795180722891566,0.8658008658008658,0.8777555110220441
693,0.27394512097040813,0.9020833333333333,0.9112903225806451,0.8922413793103449,0.905811623246493
694,0.3392831494410833,0.8520833333333333,0.8755020080321285,0.8268398268398268,0.8599605522682445
695,0.3115749016404152,0.8708333333333333,0.8755020080321285,0.8658008658008658,0.8755020080321285
696,0.28738605976104736,0.8916666666666667,0.9032258064516129,0.8793103448275862,0.896
697,0.3309933359424273,0.8541666666666666,0.8473895582329317,0.8614718614718615,0.8577235772357723
698,0.31268195708592733,0.88125,0.9,0.8608695652173913,0.8875739644970414
699,0.30454178849856056,0.8791666666666667,0.8594377510040161,0.9004329004329005,0.8806584362139918
700,0.2772214579085509,0.9041666666666667,0.8951612903225806,0.9137931034482759,0.9061224489795918
701,0.2960241188605626,0.8833333333333333,0.904,0.8608695652173913,0.889763779527559
702,0.3083763803044955,0.86875,0.8804780876494024,0.8558951965065502,0.8752475247524752
703,0.32098391751448313,0.8625,0.86,0.8652173913043478,0.8669354838709677
704,0.30679725656906764,0.875,0.8755020080321285,0.8744588744588745,0.8790322580645161
705,0.3056781197587649,0.8645833333333334,0.8674698795180723,0.8614718614718615,0.869215291750503
706,0.2800304390490055,0.8729166666666667,0.9,0.8434782608695652,0.8806262230919765
707,0.31680889477332436,0.8770833333333333,0.88,0.8739130434782608,0.8817635270541082
708,0.2823150311907133,0.88125,0.891566265060241,0.8701298701298701,0.8862275449101796
709,0.279355904708306,0.8875,0.904,0.8695652173913043,0.8932806324110671
710,0.29540545294682186,0.8708333333333333,0.872,0.8695652173913043,0.8755020080321285
711,0.28614337493975955,0.8833333333333333,0.8955823293172691,0.8701298701298701,0.8884462151394422
712,0.2659935454527537,0.8895833333333333,0.8995983935742972,0.8787878787878788,0.8942115768463074
713,0.31250137041012443,0.8770833333333333,0.891566265060241,0.8614718614718615,0.882703777335984
714,0.282607664167881,0.8791666666666667,0.876,0.8826086956521739,0.8830645161290323
715,0.29598005041480063,0.8729166666666667,0.888,0.8565217391304348,0.8792079207920792
716,0.27797474165757496,0.8958333333333334,0.8995983935742972,0.8917748917748918,0.8995983935742972
717,0.31929745922485986,0.8604166666666667,0.891566265060241,0.8268398268398268,0.8688845401174168
718,0.3254014005263646,0.8625,0.872,0.8521739130434782,0.8685258964143426
719,0.30984266102313995,0.8770833333333333,0.876,0.8782608695652174,0.8812877263581489
720,0.2945945292711258,0.88125,0.8835341365461847,0.8787878787878788,0.8853118712273642
721,0.30197584480047224,0.8666666666666667,0.8875502008032129,0.8441558441558441,0.8735177865612648
722,0.30046246747175853,0.8791666666666667,0.8835341365461847,0.8744588744588745,0.8835341365461847
723,0.2927384754021963,0.8854166666666666,0.891566265060241,0.8787878787878788,0.8897795591182365
724,0.3261520673831304,0.86875,0.8875502008032129,0.8484848484848485,0.8752475247524752
725,0.2984249390661716,0.8875,0.892,0.8826086956521739,0.892
726,0.25181639442841214,0.90625,0.9435483870967742,0.8663793103448276,0.9122807017543859
727,0.33059183607498804,0.84375,0.8605577689243028,0.8253275109170306,0.8520710059171598
728,0.28960438817739487,0.8645833333333334,0.8674698795180723,0.8614718614718615,0.869215291750503
729,0.3013746013243993,0.88125,0.8795180722891566,0.8831168831168831,0.8848484848484849
730,0.29942998637755713,0.8666666666666667,0.875,0.8577586206896551,0.8714859437751004
731,0.28229501768946647,0.875,0.8795180722891566,0.8701298701298701,0.8795180722891566
732,0.3021701539556185,0.875,0.8870967741935484,0.8620689655172413,0.88
733,0.3198158582051595,0.8625,0.8714859437751004,0.8528138528138528,0.868
734,0.3076291580994924,0.8666666666666667,0.8911290322580645,0.8405172413793104,0.8735177865612648
735,0.26983035504817965,0.8791666666666667,0.904,0.8521739130434782,0.8862745098039215
736,0.305482871333758,0.8791666666666667,0.8634538152610441,0.8961038961038961,0.8811475409836066
737,0.3035650151471297,0.8625,0.8795180722891566,0.8441558441558441,0.8690476190476191
738,0.26544143656889596,0.8916666666666667,0.892,0.8913043478260869,0.8955823293172691
739,0.2633059655626615,0.8875,0.9032258064516129,0.8706896551724138,0.8924302788844621
740,0.283735882739226,0.8895833333333333,0.8991935483870968,0.8793103448275862,0.8937875751503006
741,0.30386335402727127,0.8645833333333334,0.8755020080321285,0.8528138528138528,0.8702594810379242
742,0.2815867001811663,0.8833333333333333,0.8955823293172691,0.8701298701298701,0.8884462151394422
743,0.3186633139848709,0.8625,0.875,0.8491379310344828,0.868
744,0.2949450194835663,0.88125,0.8795180722891566,0.8831168831168831,0.8848484848484849
745,0.2968295782804489,0.875,0.888,0.8608695652173913,0.8809523809523809
746,0.28813936114311217,0.89375,0.92,0.8652173913043478,0.9001956947162426
747,0.2826793183883031,0.8708333333333333,0.8835341365461847,0.8571428571428571,0.8764940239043825
748,0.2754762281974157,0.8979166666666667,0.924,0.8695652173913043,0.9041095890410958
749,0.3314994571109613,0.86875,0.884,0.8521739130434782,0.8752475247524752
750,0.2919885295132796,0.8666666666666667,0.8588709677419355,0.875,0.8693877551020408
751,0.3103152779241403,0.8854166666666666,0.884,0.8869565217391304,0.8893360160965795
752,0.3197825074195862,0.8583333333333333,0.86,0.8565217391304348,0.8634538152610441
753,0.27524798015753427,0.8791666666666667,0.896,0.8608695652173913,0.8853754940711462
754,0.3094677748779456,0.8708333333333333,0.891566265060241,0.8484848484848485,0.8774703557312253
755,0.292571967591842,0.875,0.8755020080321285,0.8744588744588745,0.8790322580645161
756,0.28154797131816545,0.8979166666666667,0.9153225806451613,0.8793103448275862,0.9025844930417495
757,0.26711024418473245,0.8958333333333334,0.9076305220883534,0.8831168831168831,0.900398406374502
758,0.29082002888123193,0.8895833333333333,0.884,0.8956521739130435,0.8929292929292929
759,0.272786516447862,0.8833333333333333,0.8835341365461847,0.8831168831168831,0.8870967741935484
760,0.29676576480269434,0.8604166666666667,0.8875502008032129,0.8311688311688312,0.8683693516699411
761,0.2911257962385813,0.8895833333333333,0.900398406374502,0.8777292576419214,0.8950495049504951
762,0.29651459082961085,0.8895833333333333,0.912,0.8652173913043478,0.8958742632612967
763,0.26313481802741684,0.9020833333333333,0.896,0.908695652173913,0.9050505050505051
764,0.3005693778395653,0.8583333333333333,0.8835341365461847,0.8311688311688312,0.8661417322834646
765,0.31718872239192325,0.8520833333333333,0.8508064516129032,0.853448275862069,0.8559837728194726
766,0.2553693652153015,0.8958333333333334,0.908,0.8826086956521739,0.9007936507936508
767,0.3054838652412097,0.8708333333333333,0.8955823293172691,0.8441558441558441,0.8779527559055118
768,0.2680083674689134,0.8875,0.8955823293172691,0.8787878787878788,0.892
769,0.2739966484407584,0.8895833333333333,0.8795180722891566,0.9004329004329005,0.8920570264765784
770,0.26329637070496875,0.8979166666666667,0.908,0.8869565217391304,0.9025844930417495
771,0.24072966997822126,0.9125,0.9116465863453815,0.9134199134199135,0.9153225806451613
772,0.2752308810750643,0.8979166666666667,0.9076305220883534,0.8874458874458875,0.9021956087824351
773,0.27604501470923426,0.8791666666666667,0.9032258064516129,0.853448275862069,0.8853754940711462
774,0.2659797415137291,0.8833333333333333,0.896,0.8695652173913043,0.8888888888888888
775,0.2671048251291116,0.88125,0.9083665338645418,0.851528384279476,0.8888888888888888
776,0.3043924421072006,0.8604166666666667,0.876,0.8434782608695652,0.8673267326732673
777,0.2858275214831034,0.8770833333333333,0.8725099601593626,0.8820960698689956,0.8812877263581489
778,0.3148461602628231,0.875,0.8995983935742972,0.8484848484848485,0.8818897637795275
779,0.3084925524890423,0.8541666666666666,0.876,0.8304347826086956,0.8622047244094488
780,0.28968250180284183,0.875,0.8875502008032129,0.8614718614718615,0.8804780876494024
781,0.28969190195202826,0.8729166666666667,0.868,0.8782608695652174,0.8767676767676768
782,0.3011097008983294,0.8708333333333333,0.88,0.8608695652173913,0.8764940239043825
783,0.29830611795186995,0.8833333333333333,0.8844621513944223,0.8820960698689956,0.888
784,0.2881351773937543,0.8666666666666667,0.872,0.8608695652173913,0.872
785,0.2755901200075944,0.8875,0.8674698795180723,0.9090909090909091,0.8888888888888888
786,0.24095499590039254,0.9125,0.9196787148594378,0.9047619047619048,0.916
787,0.2693755567073822,0.8979166666666667,0.896,0.9,0.9014084507042254
788,0.2738838071624438,0.8833333333333333,0.884,0.8826086956521739,0.8875502008032129
789,0.27566727449496586,0.89375,0.9043824701195219,0.8820960698689956,0.899009900990099
790,0.2562944273153941,0.8958333333333334,0.9083665338645418,0.8820960698689956,0.9011857707509882
791,0.3052494958043098,0.86875,0.876,0.8608695652173913,0.874251497005988
792,0.2959800829490026,0.8583333333333333,0.8588709677419355,0.8577586206896551,0.8623481781376519
793,0.2908128499984741,0.8666666666666667,0.8835341365461847,0.8484848484848485,0.873015873015873
794,0.2557574838399887,0.8875,0.900398406374502,0.8733624454148472,0.8932806324110671
795,0.2872035726904869,0.8916666666666667,0.9236947791164659,0.8571428571428571,0.8984375
796,0.2936995672682921,0.8833333333333333,0.896,0.8695652173913043,0.8888888888888888
797,0.28286569540699324,0.8666666666666667,0.88,0.8521739130434782,0.873015873015873
798,0.28771268104513487,0.8875,0.8991935483870968,0.875,0.892
799,0.2893682467440764,0.8791666666666667,0.8795180722891566,0.8787878787878788,0.8830645161290323
800,0.2660460705558459,0.8916666666666667,0.8844621513944223,0.8995633187772926,0.8951612903225806
801,0.3015431637565295,0.8854166666666666,0.904,0.8652173913043478,0.8915187376725838
802,0.28047070453564327,0.8916666666666667,0.892,0.8913043478260869,0.8955823293172691
803,0.2973466992378235,0.8875,0.8955823293172691,0.8787878787878788,0.892
804,0.2947947512070338,0.8583333333333333,0.868,0.8478260869565217,0.8645418326693227
805,0.2985461689531803,0.8729166666666667,0.888,0.8565217391304348,0.8792079207920792
806,0.27235269074638685,0.8833333333333333,0.9112903225806451,0.853448275862069,0.889763779527559
807,0.289870581527551,0.8770833333333333,0.8875502008032129,0.8658008658008658,0.8822355289421158
808,0.26146574368079506,0.90625,0.928,0.8826086956521739,0.9115913555992141
809,0.2981348752975464,0.8875,0.876,0.9,0.8902439024390244
810,0.3041037971774737,0.8833333333333333,0.9,0.8652173913043478,0.8893280632411067
811,0.29905006289482117,0.86875,0.884,0.8521739130434782,0.8752475247524752
812,0.2722391118605932,0.8875,0.8714859437751004,0.9047619047619048,0.889344262295082
813,0.29453373501698177,0.8666666666666667,0.8634538152610441,0.8701298701298701,0.8704453441295547
814,0.26102836777766547,0.9104166666666667,0.9317269076305221,0.8874458874458875,0.9151873767258383
815,0.30829428881406784,0.8645833333333334,0.8634538152610441,0.8658008658008658,0.8686868686868687
816,0.2607805125415325,0.8791666666666667,0.88,0.8782608695652174,0.8835341365461847
817,0.3153214144210021,0.8625,0.8714859437751004,0.8528138528138528,0.868
818,0.2884250802298387,0.8833333333333333,0.892,0.8739130434782608,0.8884462151394422
819,0.25781050249934195,0.9125,0.928,0.8956521739130435,0.9169960474308301
820,0.28470051338275276,0.8854166666666666,0.8911290322580645,0.8793103448275862,0.8893360160965795
821,0.30483594834804534,0.85625,0.8634538152610441,0.8484848484848485,0.8617234468937875
822,0.26707863410313926,0.8895833333333333,0.9076305220883534,0.8701298701298701,0.8950495049504951
823,0.28585884620745977,0.8916666666666667,0.891566265060241,0.8917748917748918,0.8951612903225806
824,0.2947403659423192,0.8875,0.884,0.8913043478260869,0.8911290322580645
825,0.2893053029974302,0.8958333333333334,0.896,0.8956521739130435,0.8995983935742972
826,0.2531251130004724,0.90625,0.884,0.9304347826086956,0.9075975359342916
827,0.26758596301078796,0.89375,0.8875502008032129,0.9004329004329005,0.896551724137931
828,0.287759414066871,0.8895833333333333,0.9076305220883534,0.8701298701298701,0.8950495049504951
829,0.25822585076093674,0.9104166666666667,0.92,0.9,0.9145129224652088
830,0.2874839700758457,0.8708333333333333,0.8634538152610441,0.8787878787878788,0.8739837398373984
831,0.26280412897467614,0.9,0.9036144578313253,0.8961038961038961,0.9036144578313253
832,0.27232782418529194,0.8916666666666667,0.8870967741935484,0.896551724137931,0.8943089430894309
833,0.26882652640342714,0.89375,0.904,0.8826086956521739,0.8986083499005965
834,0.27592092379927635,0.8875,0.8991935483870968,0.875,0.892
835,0.3013737993935744,0.8645833333333334,0.8725099601593626,0.8558951965065502,0.8707753479125249
836,0.29865802029768623,0.88125,0.9036144578313253,0.8571428571428571,0.8875739644970414
837,0.2954194709658623,0.8708333333333333,0.8714859437751004,0.8701298701298701,0.875
838,0.2875026176373164,0.8791666666666667,0.8995983935742972,0.8571428571428571,0.8853754940711462
839,0.27104847878217697,0.8895833333333333,0.884,0.8956521739130435,0.8929292929292929
840,0.29993561456600826,0.8770833333333333,0.888,0.8652173913043478,0.882703777335984
841,0.29438464567065237,0.8895833333333333,0.8911290322580645,0.8879310344827587,0.8929292929292929
842,0.2793771353860696,0.8854166666666666,0.9156626506024096,0.8528138528138528,0.8923679060665362
843,0.32806481420993805,0.8520833333333333,0.8554216867469879,0.8484848484848485,0.8571428571428571
844,0.24638968308766682,0.9083333333333333,0.924,0.8913043478260869,0.9130434782608695
845,0.29266257584095,0.86875,0.8875502008032129,0.8484848484848485,0.8752475247524752
846,0.23070884297291439,0.9145833333333333,0.92,0.908695652173913,0.9181636726546906
847,0.25313596005241074,0.9125,0.924,0.9,0.9166666666666666
848,0.29021648814280826,0.8875,0.8955823293172691,0.8787878787878788,0.892
849,0.27623225897550585,0.8708333333333333,0.872,0.8695652173913043,0.8755020080321285
850,0.29861265992124875,0.8770833333333333,0.8875502008032129,0.8658008658008658,0.8822355289421158
851,0.2887578638891379,0.8708333333333333,0.876,0.8652173913043478,0.876
852,0.2865585595369339,0.8770833333333333,0.8790322580645161,0.875,0.8808080808080808
853,0.2647508479654789,0.90625,0.9196787148594378,0.8917748917748918,0.9105367793240556
854,0.3148032039403915,0.8625,0.8714859437751004,0.8528138528138528,0.868
855,0.28388283277551335,0.88125,0.8844621513944223,0.8777292576419214,0.8862275449101796
856,0.2796205796301365,0.8770833333333333,0.8835341365461847,0.8701298701298701,0.8817635270541082
857,0.29645158698161445,0.89375,0.8995983935742972,0.8874458874458875,0.8977955911823647
858,0.2929686533908049,0.88125,0.912,0.8478260869565217,0.8888888888888888
859,0.2771326743066311,0.8791666666666667,0.8995983935742972,0.8571428571428571,0.8853754940711462
860,0.2737442672252655,0.8854166666666666,0.8835341365461847,0.8874458874458875,0.8888888888888888
861,0.27817782387137413,0.8854166666666666,0.8955823293172691,0.8744588744588745,0.8902195608782435
862,0.29315486215054987,0.8791666666666667,0.88,0.8782608695652174,0.8835341365461847
863,0.2726764159897963,0.8854166666666666,0.876,0.8956521739130435,0.8884381338742393
864,0.2888756471375624,0.8708333333333333,0.868,0.8739130434782608,0.875
865,0.27802255501349765,0.8979166666666667,0.908,0.8869565217391304,0.9025844930417495
866,0.2532395087182522,0.9041666666666667,0.9116465863453815,0.8961038961038961,0.908
867,0.27243888353308043,0.9,0.8995983935742972,0.9004329004329005,0.9032258064516129
868,0.28544971669713654,0.8916666666666667,0.872,0.9130434782608695,0.8934426229508197
869,0.23902925650278728,0.9083333333333333,0.8995983935742972,0.9177489177489178,0.9105691056910569
870,0.27954266741871836,0.88125,0.9032258064516129,0.8577586206896551,0.8871287128712871
871,0.29044447069366774,0.86875,0.8911290322580645,0.8448275862068966,0.8752475247524752
872,0.2878598764538765,0.8770833333333333,0.868,0.8869565217391304,0.8803245436105477
873,0.2878889744480451,0.8791666666666667,0.8804780876494024,0.8777292576419214,0.884
874,0.27121428002913794,0.88125,0.868,0.8956521739130435,0.8839103869653768
875,0.29445190156499546,0.8625,0.8674698795180723,0.8571428571428571,0.8674698795180723
876,0.30680638576547303,0.8625,0.8669354838709677,0.8577586206896551,0.8669354838709677
877,0.30187610735495884,0.8791666666666667,0.8911290322580645,0.8663793103448276,0.884
878,0.27608595167597133,0.8645833333333334,0.868,0.8608695652173913,0.8697394789579158
879,0.26949018438657124,0.8833333333333333,0.8875502008032129,0.8787878787878788,0.8875502008032129
880,0.2575982064008713,0.8958333333333334,0.912,0.8782608695652174,0.9011857707509882
881,0.24794809942444165,0.9041666666666667,0.92,0.8869565217391304,0.9090909090909091
882,0.27679843654235203,0.8916666666666667,0.884,0.9,0.8947368421052632
883,0.2779398719469706,0.8875,0.8875502008032129,0.8874458874458875,0.8911290322580645
884,0.2609840956827005,0.8875,0.8951612903225806,0.8793103448275862,0.891566265060241
885,0.2471614273885886,0.9104166666666667,0.916,0.9043478260869565,0.9141716566866267
886,0.2988235577940941,0.8708333333333333,0.8844621513944223,0.8558951965065502,0.8774703557312253
887,0.2930365485449632,0.8645833333333334,0.8790322580645161,0.8491379310344828,0.8702594810379242
888,0.24770728945732118,0.9208333333333333,0.9076305220883534,0.935064935064935,0.9224489795918367
889,0.30095888003706933,0.88125,0.8795180722891566,0.8831168831168831,0.8848484848484849
890,0.2531625027457873,0.9041666666666667,0.924,0.8826086956521739,0.9094488188976378
891,0.2764284501473109,0.8875,0.8911290322580645,0.8836206896551724,0.8911290322580645
892,0.24669751500089962,0.9041666666666667,0.9196787148594378,0.8874458874458875,0.9087301587301587
893,0.28335200672348343,0.8770833333333333,0.8991935483870968,0.853448275862069,0.8831683168316832
894,0.2546671167016029,0.8958333333333334,0.9036144578313253,0.8874458874458875,0.9
895,0.2823165863752365,0.8791666666666667,0.8804780876494024,0.8777292576419214,0.884
896,0.301720696563522,0.88125,0.8669354838709677,0.896551724137931,0.8829568788501027
897,0.26688073376814525,0.89375,0.8764940239043825,0.9126637554585153,0.8961303462321792
898,0.27211239089568456,0.90625,0.924,0.8869565217391304,0.9112426035502958
899,0.2647351125876109,0.9,0.904,0.8956521739130435,0.904
900,0.26624474401275317,0.8833333333333333,0.888,0.8782608695652174,0.888
901,0.29353176752726234,0.8604166666666667,0.8835341365461847,0.8354978354978355,0.8678500986193294
902,0.3104359209537506,0.8604166666666667,0.8634538152610441,0.8571428571428571,0.8651911468812877
903,0.2929709402223428,0.8666666666666667,0.8674698795180723,0.8658008658008658,0.8709677419354839
904,0.2879033150772254,0.8833333333333333,0.892,0.8739130434782608,0.8884462151394422
905,0.27435427059729894,0.89375,0.888,0.9,0.896969696969697
906,0.247261726607879,0.9083333333333333,0.896414342629482,0.9213973799126638,0.9109311740890689
907,0.2748639809588591,0.8916666666666667,0.9112903225806451,0.8706896551724138,0.8968253968253969
908,0.32025513499975206,0.8583333333333333,0.8565737051792829,0.8602620087336245,0.8634538152610441
909,0.2958173081278801,0.8625,0.8594377510040161,0.8658008658008658,0.8663967611336032
910,0.28185613130529724,0.8958333333333334,0.9036144578313253,0.8874458874458875,0.9
911,0.2647870406508446,0.89375,0.9,0.8869565217391304,0.8982035928143712
912,0.2714866504073143,0.89375,0.9036144578313253,0.8831168831168831,0.8982035928143712
913,0.24493940224250157,0.90625,0.924,0.8869565217391304,0.9112426035502958
914,0.22607756803433102,0.9125,0.9156626506024096,0.9090909090909091,0.9156626506024096
915,0.2760975882411003,0.8916666666666667,0.9076305220883534,0.8744588744588745,0.8968253968253969
916,0.26714435492952665,0.88125,0.876,0.8869565217391304,0.8848484848484849
917,0.2983873868981997,0.875,0.876,0.8739130434782608,0.8795180722891566
918,0.2614242213467757,0.9125,0.928,0.8956521739130435,0.9169960474308301
919,0.2677811816334724,0.88125,0.9032258064516129,0.8577586206896551,0.8871287128712871
920,0.26095859458049137,0.8958333333333334,0.904,0.8869565217391304,0.900398406374502
921,0.28340276231368383,0.8875,0.908,0.8652173913043478,0.8937007874015748
922,0.2664909223715464,0.8791666666666667,0.8835341365461847,0.8744588744588745,0.8835341365461847
923,0.2589636099835237,0.8916666666666667,0.896,0.8869565217391304,0.896
924,0.26421358982721965,0.9145833333333333,0.9236947791164659,0.9047619047619048,0.9181636726546906
925,0.25561585277318954,0.9,0.9116465863453815,0.8874458874458875,0.9043824701195219
926,0.2756694195171197,0.8895833333333333,0.8870967741935484,0.8922413793103449,0.8924949290060852
927,0.24690392861763635,0.9083333333333333,0.9076305220883534,0.9090909090909091,0.9112903225806451
928,0.25472513139247893,0.9041666666666667,0.9076305220883534,0.9004329004329005,0.9076305220883534
929,0.2603364864985148,0.9020833333333333,0.9156626506024096,0.8874458874458875,0.9065606361829026
930,0.25073674817879993,0.9020833333333333,0.912,0.8913043478260869,0.9065606361829026
931,0.2718819414575895,0.8875,0.8911290322580645,0.8836206896551724,0.8911290322580645
932,0.26245177214344345,0.8833333333333333,0.9032258064516129,0.8620689655172413,0.8888888888888888
933,0.27801505525906883,0.8770833333333333,0.88,0.8739130434782608,0.8817635270541082
934,0.2815176953872045,0.88125,0.8835341365461847,0.8787878787878788,0.8853118712273642
935,0.27538906286160153,0.8666666666666667,0.8669354838709677,0.8663793103448276,0.8704453441295547
936,0.2841328777372837,0.8958333333333334,0.8884462151394422,0.9039301310043668,0.8991935483870968
937,0.2838182936112086,0.8854166666666666,0.8634538152610441,0.9090909090909091,0.8865979381443299
938,0.2774904916683833,0.8916666666666667,0.8835341365461847,0.9004329004329005,0.8943089430894309
939,0.26040013631184894,0.90625,0.9193548387096774,0.8922413793103449,0.9101796407185628
940,0.28503768891096115,0.8729166666666667,0.8764940239043825,0.868995633187773,0.8782435129740519
941,0.28098572020729384,0.8916666666666667,0.896,0.8869565217391304,0.896
942,0.2635695517063141,0.8875,0.9,0.8739130434782608,0.8928571428571429
943,0.2875340429445108,0.8854166666666666,0.8955823293172691,0.8744588744588745,0.8902195608782435
944,0.26582310795784,0.8958333333333334,0.9163346613545816,0.8733624454148472,0.9019607843137255
945,0.2873115949332714,0.8875,0.8875502008032129,0.8874458874458875,0.8911290322580645
946,0.24437961901227634,0.9104166666666667,0.9317269076305221,0.8874458874458875,0.9151873767258383
947,0.26444293136397995,0.8854166666666666,0.8911290322580645,0.8793103448275862,0.8893360160965795
948,0.265475640942653,0.8895833333333333,0.9083665338645418,0.868995633187773,0.8958742632612967
949,0.28329216738541924,0.875,0.8795180722891566,0.8701298701298701,0.8795180722891566
950,0.23276407221953074,0.9083333333333333,0.9163346613545816,0.8995633187772926,0.9126984126984127
951,0.28352410259346167,0.88125,0.8685258964143426,0.8951965065502183,0.8843813387423936
952,0.28275284394621847,0.8895833333333333,0.88,0.9,0.8924949290060852
953,0.28283859267830846,0.88125,0.8911290322580645,0.8706896551724138,0.8857715430861723
954,0.28122399871548015,0.8770833333333333,0.8645418326693227,0.8908296943231441,0.8803245436105477
955,0.23793677364786467,0.9041666666666667,0.92,0.8869565217391304,0.9090909090909091
956,0.2646393271783988,0.88125,0.876,0.8869565217391304,0.8848484848484849
957,0.278942280759414,0.8833333333333333,0.904,0.8608695652173913,0.889763779527559
958,0.2821129488448302,0.88125,0.8911290322580645,0.8706896551724138,0.8857715430861723
959,0.2702210068702698,0.89375,0.916,0.8695652173913043,0.899803536345776
960,0.2684900139768918,0.9041666666666667,0.9193548387096774,0.8879310344827587,0.9083665338645418
961,0.2470002628862858,0.90625,0.908,0.9043478260869565,0.9098196392785571
962,0.2677801971634229,0.89375,0.8830645161290323,0.9051724137931034,0.8957055214723927
963,0.2957504225273927,0.875,0.875,0.875,0.8785425101214575
964,0.25666637271642684,0.8979166666666667,0.8995983935742972,0.8961038961038961,0.9014084507042254
965,0.2410372535387675,0.9145833333333333,0.9156626506024096,0.9134199134199135,0.9175050301810865
966,0.2769977663954099,0.8833333333333333,0.908,0.8565217391304348,0.8901960784313725
967,0.272464694082737,0.8854166666666666,0.8884462151394422,0.8820960698689956,0.8902195608782435
968,0.25098067075014113,0.89375,0.8955823293172691,0.8917748917748918,0.89738430583501
969,0.25988400653004645,0.8916666666666667,0.8875502008032129,0.8961038961038961,0.8947368421052632
970,0.2683801765243212,0.88125,0.888,0.8739130434782608,0.8862275449101796
971,0.24373253285884858,0.9083333333333333,0.908,0.908695652173913,0.9116465863453815
972,0.269270292421182,0.8916666666666667,0.8955823293172691,0.8874458874458875,0.8955823293172691
973,0.27222732454538345,0.8833333333333333,0.8725099601593626,0.8951965065502183,0.8866396761133604
974,0.2739107770224412,0.8916666666666667,0.9116465863453815,0.8701298701298701,0.8972332015810277
975,0.2744915472964446,0.88125,0.888,0.8739130434782608,0.8862275449101796
976,0.26364163334170976,0.8979166666666667,0.912,0.8826086956521739,0.902970297029703
977,0.24428418080012004,0.89375,0.916,0.8695652173913043,0.899803536345776
978,0.2504301647345225,0.91875,0.916,0.9217391304347826,0.9215291750503019
979,0.2872466805080573,0.875,0.872,0.8782608695652174,0.8790322580645161
980,0.30112044339378674,0.8791666666666667,0.9076305220883534,0.8484848484848485,0.8862745098039215
981,0.2767615353067716,0.875,0.876,0.8739130434782608,0.8795180722891566
982,0.28762072771787645,0.8791666666666667,0.8790322580645161,0.8793103448275862,0.8825910931174089
983,0.25489787980914114,0.9104166666666667,0.9317269076305221,0.8874458874458875,0.9151873767258383
984,0.2907497242093086,0.8791666666666667,0.8835341365461847,0.8744588744588745,0.8835341365461847
985,0.24585360462466876,0.9125,0.9156626506024096,0.9090909090909091,0.9156626506024096
986,0.2692854553461075,0.8854166666666666,0.8634538152610441,0.9090909090909091,0.8865979381443299
987,0.2610640260080496,0.9,0.9076305220883534,0.8917748917748918,0.904
988,0.2369162122408549,0.9145833333333333,0.9196787148594378,0.9090909090909091,0.9178356713426854
989,0.258155928303798,0.8958333333333334,0.9,0.8913043478260869,0.9
990,0.30676923915743826,0.8583333333333333,0.8594377510040161,0.8571428571428571,0.8629032258064516
991,0.26874066864450774,0.8791666666666667,0.8674698795180723,0.8917748917748918,0.8816326530612245
992,0.27622808565696083,0.89375,0.9076305220883534,0.8787878787878788,0.8986083499005965
993,0.24314224881430466,0.8979166666666667,0.9083665338645418,0.8864628820960698,0.902970297029703
994,0.2736929970482985,0.8854166666666666,0.8875502008032129,0.8831168831168831,0.8893360160965795
995,0.28394920825958253,0.875,0.8634538152610441,0.8874458874458875,0.8775510204081632
996,0.2533222937335571,0.89375,0.9,0.8869565217391304,0.8982035928143712
997,0.26392829765876136,0.9,0.9236947791164659,0.8744588744588745,0.905511811023622
998,0.28399898037314414,0.8791666666666667,0.9043824701195219,0.851528384279476,0.88671875
999,0.27385496348142624,0.8895833333333333,0.88,0.9,0.8924949290060852
1000,0.27249636004368466,0.8833333333333333,0.9076305220883534,0.8571428571428571,0.889763779527559
